,client_id,country,name,date_of_birth,aml_risk_score,rule_triggers_1,rule_triggers_2,rule_triggers_3,rule_triggers_4,triggered_risk_events,output_value,model_name,flagged
0,C0092,Spain,Brian Rodriguez,1946-05-08,Low,,,,,,0,Isolation forest,False
1,C0328,Netherlands,Trevor Johnson,1948-01-26,Low,,,,,,0,Isolation forest,False
2,C0500,Switzerland,Phillip Berry,2007-04-28,Low,,,,,,0,Isolation forest,False
3,C0884,Finland,Ian Porter,1980-05-11,Low,,,,,,1,Isolation forest,True
4,C0158,Spain,Jason Stein,1942-06-28,Low,,high_risk_counterparty,,,high_risk_counterparty,0,Isolation forest,True
5,C0290,Norway,Briana Murray,1953-03-20,Low,,high_risk_counterparty,,,high_risk_counterparty,0,Isolation forest,True
6,C0549,Italy,Jessica Khan,1965-07-18,Low,,high_risk_counterparty,,,high_risk_counterparty,0,Isolation forest,True
7,C0748,Denmark,Dana Bennett,1959-06-08,Low,,,,,,0,Isolation forest,False
8,C0858,Sweden,Nicole Phillips,2000-06-01,Low,,,,,,0,Isolation forest,False
9,C0217,Denmark,Rodney Morales,2004-06-29,Low,,high_risk_counterparty,,,high_risk_counterparty,0,Isolation forest,True
10,C0445,Norway,Mrs. Diane Reyes,1960-12-02,Low,,,,,,0,Isolation forest,False
11,C0550,Denmark,Pamela Diaz,1994-11-01,Low,,high_risk_counterparty,,,high_risk_counterparty,1,Isolation forest,True
12,C0596,Belgium,Sherry Woods,1940-01-23,Low,,,,,,0,Isolation forest,False
13,C0098,Netherlands,Deborah Figueroa,2000-03-04,Low,,high_risk_counterparty,,,high_risk_counterparty,1,Isolation forest,True
14,C0119,Denmark,Victor Baker,1968-10-10,Low,,,,,,0,Isolation forest,False
15,C0913,Netherlands,Robert Haynes,1955-08-17,Low,,,,,,0,Isolation forest,False
16,C0196,Switzerland,Allen Rosales,1975-09-26,Low,,high_risk_counterparty,,,high_risk_counterparty,0,Isolation forest,True
17,C0276,Netherlands,Matthew Moore,1991-03-27,Low,,high_risk_counterparty,,,high_risk_counterparty,0,Isolation forest,True
18,C0491,Austria,Heather Williams,1997-03-26,Low,high_amount,high_risk_counterparty,,,"high_amount, high_risk_counterparty",0,Isolation forest,True
19,C0719,Sweden,Kathryn Mccann,1947-04-01,Low,,,,,,0,Isolation forest,False
20,C0527,Norway,Todd Moore,1949-09-10,Low,,,,,,0,Isolation forest,False
21,C0831,Spain,Mr. Michael Williams,1968-08-08,Low,,,,,,0,Isolation forest,False
22,C0951,Switzerland,Rebecca Kelly,1998-07-01,Low,,,,,,0,Isolation forest,False
23,C0964,France,Tom Foster,1996-10-30,Low,,,,,,0,Isolation forest,False
24,C0562,France,Kim Erickson,1945-05-19,Low,,,,,,0,Isolation forest,False
25,C0198,Austria,Spencer Haynes,1977-03-30,Low,,,,,,0,Isolation forest,False
26,C0358,Austria,Jeffery Ortega,1994-11-17,Low,,high_risk_counterparty,,,high_risk_counterparty,0,Isolation forest,True
27,C0548,Denmark,Julie Herrera,2000-09-22,Low,,high_risk_counterparty,,,high_risk_counterparty,0,Isolation forest,True
28,C0641,Norway,Michael Stanley,2002-02-12,Low,,,,,,0,Isolation forest,False
29,C0643,Denmark,Joshua Rice,2000-07-04,Low,,,,,,0,Isolation forest,False
30,C0004,Spain,Daniel Wagner,1995-10-15,Low,,,,,,0,Isolation forest,False
31,C0508,Netherlands,Emma Reed,2001-12-31,Low,,high_risk_counterparty,,,high_risk_counterparty,0,Isolation forest,True
32,C0808,France,Robert Gonzales,1960-09-01,Low,,,,,,0,Isolation forest,False
33,C0706,Switzerland,James Tran,1948-06-23,Low,,,,,,0,Isolation forest,False
34,C0612,Finland,Michael Lopez,1960-04-14,Low,,,,,,0,Isolation forest,False
35,C0771,France,Jesse Clark,1946-05-08,Low,,,,,,0,Isolation forest,False
36,C0539,Norway,Emma Owens,1983-03-05,Low,,high_risk_counterparty,,,high_risk_counterparty,0,Isolation forest,True
37,C0776,Belgium,Christopher Moore,1978-07-22,Low,,high_risk_counterparty,,,high_risk_counterparty,0,Isolation forest,True
38,C0081,Spain,Kelly Donovan,1962-01-17,Low,,,,,,0,Isolation forest,False
39,C0391,France,Thomas Atkins,1944-04-01,Low,,high_risk_counterparty,,,high_risk_counterparty,0,Isolation forest,True
40,C0958,Sweden,Daniel Fox,1952-01-07,Low,,high_risk_counterparty,,,high_risk_counterparty,0,Isolation forest,True
41,C0417,France,Gwendolyn Klein,1993-06-25,Low,,,,,,0,Isolation forest,False
42,C0503,Finland,Mr. Justin Green III,2006-11-29,Low,,high_risk_counterparty,,,high_risk_counterparty,0,Isolation forest,True
43,C0297,Norway,Laura Haney,1949-09-06,Low,,,,,,0,Isolation forest,False
44,C0350,France,Theodore Jones Jr.,1982-08-24,Low,,,,,,0,Isolation forest,False
45,C0734,Germany,Edgar Hughes,1941-01-05,Low,,,,,,0,Isolation forest,False
46,C0934,Italy,Samantha Foster,2003-05-12,Low,,high_risk_counterparty,,,high_risk_counterparty,0,Isolation forest,True
47,C0117,Switzerland,William Herrera,1976-02-10,Low,,,,,,0,Isolation forest,False
48,C0155,Belgium,Brenda Hall,1974-07-30,Low,,,,,,0,Isolation forest,False
49,C0385,Belgium,Aimee Turner,1957-12-18,Low,,,,,,0,Isolation forest,False
50,C0546,Switzerland,Cindy Gomez,1961-02-12,Low,high_amount,,,,high_amount,0,Isolation forest,True
51,C0193,Sweden,Debra Christian,1943-01-20,Low,high_amount,high_risk_counterparty,,,"high_amount, high_risk_counterparty",0,Isolation forest,True
52,C0310,Belgium,Dawn Summers,1944-01-14,Low,,,,,,0,Isolation forest,False
53,C0586,Sweden,Tina Ballard,2001-01-21,Low,,high_risk_counterparty,,,high_risk_counterparty,0,Isolation forest,True
54,C0669,Sweden,Nathaniel Lee,2004-02-08,Low,,high_risk_counterparty,,,high_risk_counterparty,0,Isolation forest,True
55,C0811,Sweden,Carol Taylor,1955-09-06,Low,,high_risk_counterparty,,,high_risk_counterparty,0,Isolation forest,True
56,C0980,Italy,David Rodriguez,1985-01-24,Low,,high_risk_counterparty,,,high_risk_counterparty,0,Isolation forest,True
57,C0621,Switzerland,Casey Hernandez,1949-08-06,Low,,high_risk_counterparty,,,high_risk_counterparty,0,Isolation forest,True
58,C0254,Italy,Barbara Dudley,1945-05-09,Low,,high_risk_counterparty,,,high_risk_counterparty,0,Isolation forest,True
59,C0161,Spain,Paul Castaneda,1982-02-11,Low,,high_risk_counterparty,,,high_risk_counterparty,0,Isolation forest,True
60,C0392,Denmark,Laura Mckinney,1962-05-01,Low,,,,,,0,Isolation forest,False
61,C0396,Italy,Dana Chapman,2002-10-19,Low,,,,,,0,Isolation forest,False
62,C0582,Austria,Daniel Bush,1987-03-29,Low,,high_risk_counterparty,,,high_risk_counterparty,0,Isolation forest,True
63,C0894,France,Cassie Brock,2001-10-27,Low,,high_risk_counterparty,,,high_risk_counterparty,0,Isolation forest,True
64,C0110,Switzerland,Sharon Cochran,1967-04-20,Low,high_amount,high_risk_counterparty,,,"high_amount, high_risk_counterparty",0,Isolation forest,True
65,C0202,Finland,Ricky Davis II,1978-02-02,Low,,high_risk_counterparty,,,high_risk_counterparty,0,Isolation forest,True
66,C0372,Spain,Debra White,1962-02-11,Low,,,,,,1,Isolation forest,True
67,C0711,Germany,Anthony Jones,1967-05-15,Low,,,,,,0,Isolation forest,False
68,C0076,Sweden,Sarah Moore,1945-05-08,Low,,high_risk_counterparty,,,high_risk_counterparty,0,Isolation forest,True
69,C0308,Switzerland,Carlos Ryan,1947-09-07,Low,high_amount,high_risk_counterparty,,,"high_amount, high_risk_counterparty",1,Isolation forest,True
70,C0615,Finland,Elizabeth Sharp,1993-10-20,Low,,high_risk_counterparty,,,high_risk_counterparty,0,Isolation forest,True
71,C0762,Switzerland,Amanda Terrell,1969-04-26,Low,high_amount,,,,high_amount,0,Isolation forest,True
72,C0982,France,Stacey Snyder,1944-11-04,Low,,,,,,1,Isolation forest,True
73,C0513,Austria,Allison Spencer,1985-10-03,Low,,high_risk_counterparty,,,high_risk_counterparty,0,Isolation forest,True
74,C0644,Sweden,Courtney Smith,1956-02-18,Low,,,,,,0,Isolation forest,False
75,C0650,Italy,Alexis Harris,1950-02-16,Low,high_amount,,,,high_amount,1,Isolation forest,True
76,C0840,Spain,Michele Smith,1950-02-12,Low,,,,,,0,Isolation forest,False
77,C0151,Sweden,David Wright,1962-09-27,Low,,high_risk_counterparty,,,high_risk_counterparty,0,Isolation forest,True
78,C0361,Norway,Parker Cain,1974-02-26,Low,,,,,,0,Isolation forest,False
79,C0631,Finland,Rhonda Chavez,1983-12-05,Low,,,,,,0,Isolation forest,False
80,C0792,Sweden,Cody Reid,1948-09-30,Low,,,,,,0,Isolation forest,False
81,C0645,Germany,Edwin Nunez,1987-07-31,Low,,,,,,0,Isolation forest,False
82,C0671,Belgium,Chelsea Gill,1990-10-05,Low,,high_risk_counterparty,,,high_risk_counterparty,0,Isolation forest,True
83,C0192,Norway,Karen Graham,1967-01-06,Low,,,,,,0,Isolation forest,False
84,C0064,Norway,Donald Wright,1973-11-21,Low,,,,,,0,Isolation forest,False
85,C0495,Belgium,Meghan Cisneros,1963-01-13,Low,high_amount,high_risk_counterparty,,,"high_amount, high_risk_counterparty",1,Isolation forest,True
86,C0940,Finland,Curtis Wilkerson,1989-08-27,Low,,high_risk_counterparty,,,high_risk_counterparty,0,Isolation forest,True
87,C0359,Spain,Christian Leblanc,2006-05-29,Low,,,,,,1,Isolation forest,True
88,C0024,Denmark,Tommy Walter,1962-05-06,Low,,,,,,0,Isolation forest,False
89,C0703,Germany,Karl Branch,1963-01-29,Low,,high_risk_counterparty,,,high_risk_counterparty,0,Isolation forest,True
90,C0065,Sweden,Jessica Callahan,1953-05-07,Low,,high_risk_counterparty,,,high_risk_counterparty,0,Isolation forest,True
91,C0588,France,Jeremy Scott,1997-02-02,Low,,,,,,0,Isolation forest,False
92,C0991,Switzerland,Carmen Preston,1969-04-18,Low,,high_risk_counterparty,,,high_risk_counterparty,0,Isolation forest,True
93,C0697,Austria,Joseph Hill,1956-03-23,Low,,,,,,0,Isolation forest,False
94,C0833,Belgium,Scott Alexander,1979-10-25,Low,,high_risk_counterparty,,,high_risk_counterparty,0,Isolation forest,True
95,C0463,Switzerland,Riley Bryant,1966-09-14,Low,,,,,,0,Isolation forest,False
96,C0848,Austria,Joseph Smith,1978-04-13,Low,,high_risk_counterparty,,,high_risk_counterparty,0,Isolation forest,True
97,C0509,Italy,Joshua Vance,1949-07-16,Low,high_amount,high_risk_counterparty,,,"high_amount, high_risk_counterparty",1,Isolation forest,True
98,C0547,Italy,Johnny Khan,1958-01-25,Low,,high_risk_counterparty,,,high_risk_counterparty,0,Isolation forest,True
99,C0323,Spain,Johnathan Davis,1970-09-14,Low,,,,,,0,Isolation forest,False
100,C0683,Switzerland,Dean Donovan,1971-07-10,Low,,high_risk_counterparty,,,high_risk_counterparty,0,Isolation forest,True
101,C0256,Netherlands,Kristen Davis,1971-11-08,Low,,high_risk_counterparty,,,high_risk_counterparty,0,Isolation forest,True
102,C0987,Finland,Angela Jackson,2003-12-18,Low,,,,,,0,Isolation forest,False
103,C0939,Finland,Amy Ramirez,1965-02-05,Low,,high_risk_counterparty,,,high_risk_counterparty,0,Isolation forest,True
104,C0015,Belgium,Dylan Miller,1948-11-23,Low,,high_risk_counterparty,,,high_risk_counterparty,0,Isolation forest,True
105,C0589,Belgium,Dale Ryan,2004-02-29,Low,,,,,,0,Isolation forest,False
106,C0766,Belgium,Laura Griffin,1972-03-24,Low,,high_risk_counterparty,,,high_risk_counterparty,0,Isolation forest,True
107,C0431,Italy,Maria Henderson,2005-07-16,Low,high_amount,,,,high_amount,0,Isolation forest,True
108,C0543,France,Kenneth Edwards,1985-07-26,Low,,,,,,0,Isolation forest,False
109,C0946,Austria,Paula Brown,1972-12-31,Low,,,,,,0,Isolation forest,False
110,C0230,France,Lori Guerrero,1992-10-29,Low,,high_risk_counterparty,,,high_risk_counterparty,0,Isolation forest,True
111,C0594,Switzerland,Randy Smith,1997-08-03,Low,high_amount,,,,high_amount,1,Isolation forest,True
112,C0476,Norway,Julie Dominguez,1993-03-24,Low,,high_risk_counterparty,,,high_risk_counterparty,0,Isolation forest,True
113,C0209,Italy,Dr. William Warren,1946-08-22,Low,,high_risk_counterparty,,,high_risk_counterparty,0,Isolation forest,True
114,C0629,Finland,Joseph Wilson,1952-02-01,Low,,high_risk_counterparty,,,high_risk_counterparty,0,Isolation forest,True
115,C0853,Netherlands,Victor Edwards,1994-10-13,Low,,high_risk_counterparty,,,high_risk_counterparty,0,Isolation forest,True
116,C0786,Spain,Laurie Bailey,2003-05-14,Low,,high_risk_counterparty,,,high_risk_counterparty,0,Isolation forest,True
117,C0995,Spain,Anthony Armstrong,1942-09-06,Low,,,,,,0,Isolation forest,False
118,C0998,Denmark,Christina Johnson,1962-05-28,Low,,high_risk_counterparty,,,high_risk_counterparty,0,Isolation forest,True
119,C0113,Austria,Julia Torres,1998-08-08,Low,,high_risk_counterparty,,,high_risk_counterparty,0,Isolation forest,True
120,C0182,Spain,Tina Sanders,1997-12-22,Low,,high_risk_counterparty,,,high_risk_counterparty,0,Isolation forest,True
121,C0559,Italy,Larry Robertson,1952-12-06,Low,,,,,,0,Isolation forest,False
122,C0851,Netherlands,Shannon Miller,1953-10-13,Low,,high_risk_counterparty,,,high_risk_counterparty,0,Isolation forest,True
123,C0653,Denmark,David Robinson,1957-03-15,Low,,,,,,0,Isolation forest,False
124,C0031,Netherlands,Rebecca Henderson,2000-04-16,Low,,high_risk_counterparty,,,high_risk_counterparty,0,Isolation forest,True
125,C0611,Spain,Samantha Robertson,2001-09-20,Low,,,,,,0,Isolation forest,False
126,C0537,Austria,Morgan Valencia,1943-02-11,Low,,,,,,0,Isolation forest,False
127,C0942,Belgium,Virginia Casey,1963-07-25,Low,,high_risk_counterparty,,,high_risk_counterparty,0,Isolation forest,True
128,C0139,Belgium,David Alvarez,1975-09-11,Low,,high_risk_counterparty,,,high_risk_counterparty,0,Isolation forest,True
129,C0584,Austria,Denise Martinez,1996-04-21,Low,,high_risk_counterparty,,,high_risk_counterparty,0,Isolation forest,True
130,C0850,Netherlands,Brittany Jenkins,1983-06-20,Low,,high_risk_counterparty,,,high_risk_counterparty,0,Isolation forest,True
131,C0829,Austria,Derrick Clayton,1942-01-26,Low,,high_risk_counterparty,,,high_risk_counterparty,0,Isolation forest,True
132,C0300,Austria,Amber Obrien,1970-08-25,Low,,,,,,0,Isolation forest,False
133,C0334,Germany,Linda Smith,1976-08-19,Low,,,,,,0,Isolation forest,False
134,C0033,Norway,Tricia Valencia,1999-04-26,Low,,,,,,0,Isolation forest,False
135,C0932,Netherlands,Sandra Rivera,1947-04-09,Low,,,,,,0,Isolation forest,False
136,C0646,Germany,Kim Morrow,1951-08-07,Low,,,,,,0,Isolation forest,False
137,C0298,Netherlands,William Barrett,1947-03-29,Low,,high_risk_counterparty,,,high_risk_counterparty,0,Isolation forest,True
138,C0737,Italy,Charles Turner,1968-10-20,Low,,,,,,0,Isolation forest,False
139,C0718,Denmark,Brenda Hinton,1943-10-25,Low,,,,,,0,Isolation forest,False
140,C0901,Germany,Danielle Smith,1945-01-02,Low,,,,,,0,Isolation forest,False
141,C0061,Sweden,Victoria Garcia,1945-07-21,Low,,,,,,0,Isolation forest,False
142,C0487,Switzerland,Monica Miller,1987-02-07,Low,,,,,,0,Isolation forest,False
143,C0180,Netherlands,Robert Oconnell,1989-08-02,Low,,high_risk_counterparty,,,high_risk_counterparty,0,Isolation forest,True
144,C0599,Norway,Kimberly Sharp,1953-09-30,Low,,high_risk_counterparty,,,high_risk_counterparty,0,Isolation forest,True
145,C0146,France,Joyce Solis,1947-05-04,Low,,high_risk_counterparty,,,high_risk_counterparty,0,Isolation forest,True
146,C0704,Sweden,Michael Abbott,1959-12-02,Low,,,,,,0,Isolation forest,False
147,C0029,Denmark,Zachary Hicks,1959-04-06,Low,,,,,,0,Isolation forest,False
148,C0013,Italy,Lisa Hensley,1995-02-11,Low,,,,,,0,Isolation forest,False
149,C0603,Switzerland,Tammy Mcdowell,1977-06-05,Low,,,,,,0,Isolation forest,False
150,C0231,Switzerland,Jessica Stephens,1947-09-01,Low,,high_risk_counterparty,,,high_risk_counterparty,0,Isolation forest,True
151,C0673,Spain,Felicia Krueger,1945-11-29,Low,,,,,,0,Isolation forest,False
152,C0740,Netherlands,Linda Gonzalez,1968-12-19,Low,,high_risk_counterparty,,,high_risk_counterparty,0,Isolation forest,True
153,C0068,France,Carol Tucker,1950-06-24,Low,high_amount,high_risk_counterparty,,,"high_amount, high_risk_counterparty",0,Isolation forest,True
154,C0435,Germany,Ashley Wise,1978-03-02,Low,,,,,,0,Isolation forest,False
155,C0948,Germany,Ariel Sandoval,1959-01-13,Low,,,,,,0,Isolation forest,False
156,C0037,Finland,Sherri Baker,1990-04-10,Low,,,,,,0,Isolation forest,False
157,C0587,Spain,Dwayne Klein,1960-04-23,Low,,,,,,0,Isolation forest,False
158,C0736,Spain,Laura Jackson,1967-05-29,Low,,high_risk_counterparty,,,high_risk_counterparty,0,Isolation forest,True
159,C0341,Austria,Allison Smith,1947-04-23,Low,,,,,,0,Isolation forest,False
160,C0266,Finland,Joshua Reed,1965-02-21,Low,,,,,,0,Isolation forest,False
161,C0443,Belgium,Robert Harrison,1953-11-27,Low,,high_risk_counterparty,,,high_risk_counterparty,0,Isolation forest,True
162,C0288,Spain,Carolyn Miller,1978-11-23,Low,,high_risk_counterparty,,,high_risk_counterparty,0,Isolation forest,True
163,C0756,Austria,Rachel Jones,1965-09-15,Low,,,,,,0,Isolation forest,False
164,C0619,Germany,Emily Wilson,1945-10-06,Low,,,,,,0,Isolation forest,False
165,C0105,Norway,Richard Henson,1975-10-26,Low,high_amount,high_risk_counterparty,,,"high_amount, high_risk_counterparty",0,Isolation forest,True
166,C0723,Netherlands,Willie Henry,2002-01-18,Low,,high_risk_counterparty,,,high_risk_counterparty,0,Isolation forest,True
167,C0931,Norway,Jill Anderson,1979-08-28,Low,,,,,,0,Isolation forest,False
168,C0096,France,Anna Henderson,1945-06-07,Low,,,,,,0,Isolation forest,False
169,C0456,Austria,Marie Moody,1940-03-29,Low,,high_risk_counterparty,,,high_risk_counterparty,0,Isolation forest,True
170,C0027,Finland,Justin Baker,1985-11-15,Low,,high_risk_counterparty,,,high_risk_counterparty,0,Isolation forest,True
171,C0993,Norway,Michael Bowen,1997-12-26,Low,,,,,,0,Isolation forest,False
172,C0739,Norway,Mr. David Wright,1944-08-28,Low,,high_risk_counterparty,,,high_risk_counterparty,0,Isolation forest,True
173,C0429,Denmark,Robin Santiago,1949-07-09,Low,,high_risk_counterparty,,,high_risk_counterparty,0,Isolation forest,True
174,C0785,Finland,Margaret Harper,1977-11-17,Low,,,,,,0,Isolation forest,False
175,C0988,Switzerland,Nicholas Payne,1981-01-04,Low,,,,,,0,Isolation forest,False
176,C0732,Netherlands,Alexander Gomez,2002-07-19,Low,,,,,,1,Isolation forest,True
177,C0109,Finland,Evelyn Galvan,1980-09-08,Low,,high_risk_counterparty,,,high_risk_counterparty,0,Isolation forest,True
178,C0296,Spain,John Young,1987-08-14,Low,,high_risk_counterparty,,,high_risk_counterparty,0,Isolation forest,True
179,C0782,Italy,Amy Garcia,1982-03-22,Low,,high_risk_counterparty,,,high_risk_counterparty,0,Isolation forest,True
180,C0088,Austria,Christopher Bass,1976-07-10,Low,,,,,,0,Isolation forest,False
181,C0036,Switzerland,Jeffrey Chavez,1949-06-12,Low,,high_risk_counterparty,,,high_risk_counterparty,0,Isolation forest,True
182,C0062,Denmark,Gerald Hensley,1991-06-10,Low,,,,,,0,Isolation forest,False
183,C0236,Finland,Kathryn Snyder,1959-01-31,Low,,,,,,0,Isolation forest,False
184,C0303,Belgium,Megan Le,1982-01-11,Low,high_amount,,,,high_amount,1,Isolation forest,True
185,C0897,France,Aimee Gonzalez,1982-03-01,Low,,,,,,0,Isolation forest,False
186,C0668,Austria,Tammy Boone,1990-04-15,Low,,,,,,0,Isolation forest,False
187,C0165,Spain,Michael Powell,1955-03-09,Low,,,,,,0,Isolation forest,False
188,C0006,Sweden,Connie Lawrence,1980-04-19,Low,,high_risk_counterparty,,,high_risk_counterparty,0,Isolation forest,True
189,C0973,Belgium,Amanda Guzman,1981-12-25,Low,,high_risk_counterparty,,,high_risk_counterparty,0,Isolation forest,True
190,C0269,Belgium,Cynthia Rowe,1983-03-08,Low,,high_risk_counterparty,,,high_risk_counterparty,0,Isolation forest,True
191,C0542,Sweden,Sean Moore,1964-07-08,Low,,high_risk_counterparty,,,high_risk_counterparty,0,Isolation forest,True
192,C0757,Italy,Karen Morales DDS,1940-02-16,Low,,,,,,0,Isolation forest,False
193,C0042,Germany,Fred Smith,1987-09-28,Low,,,,,,0,Isolation forest,False
194,C0123,Germany,April Frost,1993-11-03,Low,,,,,,0,Isolation forest,False
195,C0805,Switzerland,Kimberly Fritz,1977-01-01,Low,,,,,,0,Isolation forest,False
196,C0924,Spain,Amanda Sullivan MD,2003-06-25,Low,,,,,,0,Isolation forest,False
197,C0483,Germany,Evelyn Martinez,1956-07-18,Low,,high_risk_counterparty,,,high_risk_counterparty,0,Isolation forest,True
198,C0168,Finland,Alyssa Day,1958-09-10,Low,,high_risk_counterparty,,,high_risk_counterparty,0,Isolation forest,True
199,C0104,Norway,Christine Wright,1956-06-22,Low,,high_risk_counterparty,,,high_risk_counterparty,0,Isolation forest,True
200,C0510,Spain,Michelle Ho,1952-11-03,Low,,,,,,0,Isolation forest,False
201,C0222,Spain,Jeremy Dalton,1959-04-02,Low,,,,,,0,Isolation forest,False
202,C0159,Netherlands,Melissa Gates,1983-04-08,Low,,high_risk_counterparty,,,high_risk_counterparty,0,Isolation forest,True
203,C0825,Belgium,Aaron Schroeder,1941-01-12,Low,,high_risk_counterparty,,,high_risk_counterparty,0,Isolation forest,True
204,C0058,France,Richard Aguirre,1961-03-17,Low,,,,,,0,Isolation forest,False
205,C0082,Denmark,Mike Allen,1948-07-28,Low,,high_risk_counterparty,,,high_risk_counterparty,0,Isolation forest,True
206,C0380,Switzerland,Megan Nelson,2005-12-15,Low,,,,,,0,Isolation forest,False
207,C0685,Denmark,James Whitaker,1972-06-15,Low,,high_risk_counterparty,,,high_risk_counterparty,0,Isolation forest,True
208,C0822,Sweden,Mark Beard,1999-11-05,Low,,high_risk_counterparty,,,high_risk_counterparty,0,Isolation forest,True
209,C0091,Austria,Matthew Mcmillan,1986-01-19,Low,,,,,,0,Isolation forest,False
210,C0314,Switzerland,Tracy Ballard,2004-08-31,Low,,,,,,0,Isolation forest,False
211,C0103,France,Rebecca Valencia,1998-09-01,Low,high_amount,high_risk_counterparty,,,"high_amount, high_risk_counterparty",0,Isolation forest,True
212,C0108,Switzerland,Sierra Johnson,1941-03-18,Low,,,,,,0,Isolation forest,False
213,C0050,Netherlands,Eric Carney,1986-12-26,Low,,,,,,0,Isolation forest,False
214,C0764,Austria,Jessica Smith,1945-03-16,Low,,,,,,0,Isolation forest,False
215,C0124,Norway,Michelle Harmon,1973-03-27,Low,,,,,,0,Isolation forest,False
216,C0229,Austria,Michael Bradshaw,1977-06-14,Low,,,,,,0,Isolation forest,False
217,C0502,Belgium,Brian Fitzgerald,1970-03-05,Low,,high_risk_counterparty,,,high_risk_counterparty,0,Isolation forest,True
218,C0856,Austria,Melissa Abbott,2002-01-18,Low,,,,,,0,Isolation forest,False
219,C0512,Italy,Curtis Taylor,1956-08-12,Low,,,,,,0,Isolation forest,False
220,C0126,Austria,Erin Edwards,1973-12-03,Low,,high_risk_counterparty,,,high_risk_counterparty,0,Isolation forest,True
221,C0681,Italy,Suzanne Wood,1986-05-25,Low,high_amount,high_risk_counterparty,,,"high_amount, high_risk_counterparty",0,Isolation forest,True
222,C0560,Switzerland,Louis Martin,2005-02-06,Low,,high_risk_counterparty,,,high_risk_counterparty,0,Isolation forest,True
223,C0448,Austria,Shelly Spencer,1941-03-25,Low,,,,,,0,Isolation forest,False
224,C0506,Sweden,Jodi Roach,1977-12-04,Low,,high_risk_counterparty,,,high_risk_counterparty,0,Isolation forest,True
225,C0914,Sweden,Emily Nelson,1940-04-08,Low,,high_risk_counterparty,,,high_risk_counterparty,0,Isolation forest,True
226,C0522,Belgium,Christopher Morris,1989-04-16,Low,,high_risk_counterparty,,,high_risk_counterparty,0,Isolation forest,True
227,C0777,Finland,Tina Hall,1955-03-07,Low,,high_risk_counterparty,,,high_risk_counterparty,0,Isolation forest,True
228,C0781,Denmark,Christine Goodwin,1946-12-24,Low,,,,,,0,Isolation forest,False
229,C0819,Austria,Michael Poole,1996-11-16,Low,,,,,,0,Isolation forest,False
230,C0128,Netherlands,Jason Powell,1953-04-04,Low,,,,,,0,Isolation forest,False
231,C0490,Netherlands,Lance Simmons,1986-10-03,Low,,,,,,0,Isolation forest,False
232,C0695,Switzerland,Mary Jensen,1969-09-25,Low,,,,,,0,Isolation forest,False
233,C0895,Switzerland,Dr. Andrea Marshall,1989-08-06,Low,high_amount,high_risk_counterparty,,,"high_amount, high_risk_counterparty",1,Isolation forest,True
234,C0285,Germany,Stephanie Williams,2001-05-26,Low,,high_risk_counterparty,,,high_risk_counterparty,0,Isolation forest,True
235,C0702,Finland,James Watson,1967-03-10,Low,high_amount,,,,high_amount,0,Isolation forest,True
236,C0185,Finland,Lindsay Martinez,1988-09-13,Low,,,,,,0,Isolation forest,False
237,C0428,Belgium,Emily Bennett,1972-05-13,Low,,,,,,0,Isolation forest,False
238,C0855,Finland,Lindsay Lawson,2001-04-08,Low,,,,,,0,Isolation forest,False
239,C0437,Switzerland,Ralph Anderson,1990-11-11,Low,,high_risk_counterparty,,,high_risk_counterparty,0,Isolation forest,True
240,C0145,Netherlands,Amber Wright,1994-01-30,Low,,high_risk_counterparty,,,high_risk_counterparty,0,Isolation forest,True
241,C0268,Belgium,Colin Terry,1975-04-22,Low,,high_risk_counterparty,,,high_risk_counterparty,0,Isolation forest,True
242,C0195,Switzerland,John Bishop,1947-01-07,Low,,high_risk_counterparty,,,high_risk_counterparty,0,Isolation forest,True
243,C0277,Switzerland,Wayne Morgan,2000-11-01,Low,,high_risk_counterparty,,,high_risk_counterparty,0,Isolation forest,True
244,C0499,Netherlands,Meghan Rush,1956-10-20,Low,,,,,,0,Isolation forest,False
245,C0555,Sweden,Robert Morgan,1997-03-07,Low,,high_risk_counterparty,,,high_risk_counterparty,0,Isolation forest,True
246,C0544,Sweden,Kathleen Robertson,1951-01-12,Low,,,,,,0,Isolation forest,False
247,C0134,Netherlands,Daniel Kennedy,1987-11-09,Low,,high_risk_counterparty,,,high_risk_counterparty,0,Isolation forest,True
248,C0557,Finland,Kathryn Williams,1990-09-05,Low,,,,,,0,Isolation forest,False
249,C0700,France,Brent Hernandez,1945-12-31,Low,,high_risk_counterparty,,,high_risk_counterparty,0,Isolation forest,True
250,C0726,Sweden,Rebecca Marquez,1943-01-08,Low,,,,,,0,Isolation forest,False
251,C0250,Austria,Kimberly Gutierrez,1996-03-23,Low,,high_risk_counterparty,,,high_risk_counterparty,0,Isolation forest,True
252,C0866,Austria,Antonio Mccormick,1952-11-12,Low,,high_risk_counterparty,,,high_risk_counterparty,0,Isolation forest,True
253,C0379,Switzerland,Anthony Moore,1974-12-26,Low,,high_risk_counterparty,,,high_risk_counterparty,0,Isolation forest,True
254,C0774,Netherlands,Samuel Wong,1977-04-15,Low,,,,,,0,Isolation forest,False
255,C0205,Austria,Erin Warner,1964-11-16,Low,,high_risk_counterparty,,,high_risk_counterparty,0,Isolation forest,True
256,C0526,Norway,Joseph Shaw,1944-01-01,Low,,high_risk_counterparty,,,high_risk_counterparty,0,Isolation forest,True
257,C0705,France,Shannon Malone,1994-03-03,Low,,high_risk_counterparty,,,high_risk_counterparty,0,Isolation forest,True
258,C0861,Switzerland,Vanessa Hatfield,1966-04-21,Low,,,,,,0,Isolation forest,False
259,C0955,Austria,Kristy Hart,2007-03-06,Low,,high_risk_counterparty,,,high_risk_counterparty,0,Isolation forest,True
260,C0282,Austria,Tammie Bright,2001-04-04,Low,,,,,,0,Isolation forest,False
261,C0399,Sweden,Ashley Hicks,1982-06-10,Low,high_amount,high_risk_counterparty,,,"high_amount, high_risk_counterparty",0,Isolation forest,True
262,C0878,Belgium,Troy Mills,1950-02-16,Low,,high_risk_counterparty,,,high_risk_counterparty,0,Isolation forest,True
263,C0990,Denmark,Karen Johnson,1944-06-15,Low,,,,,,0,Isolation forest,False
264,C0291,Finland,David Smith,1999-10-04,Low,,high_risk_counterparty,,,high_risk_counterparty,0,Isolation forest,True
265,C0952,Finland,Sarah Thompson,1988-02-02,Low,,,,,,0,Isolation forest,False
266,C0038,Spain,Cassandra Gaines,1973-10-23,Low,high_amount,,,,high_amount,0,Isolation forest,True
267,C0944,Norway,Kathryn Price,1963-10-16,Low,,,,,,0,Isolation forest,False
268,C0595,Sweden,Tanya Russell,1980-06-01,Low,,high_risk_counterparty,,,high_risk_counterparty,0,Isolation forest,True
269,C0735,Italy,Steven Stein,1942-06-16,Low,,,,,,0,Isolation forest,False
270,C0525,Denmark,Krista Martinez,1998-05-14,Low,,,,,,0,Isolation forest,False
271,C0796,Denmark,Adam Taylor,1986-12-24,Low,,high_risk_counterparty,,,high_risk_counterparty,0,Isolation forest,True
272,C0043,Belgium,Sherry Decker,1952-10-22,Low,,high_risk_counterparty,,,high_risk_counterparty,0,Isolation forest,True
273,C0089,Denmark,Lisa Archer,1995-07-19,Low,,high_risk_counterparty,,,high_risk_counterparty,0,Isolation forest,True
274,C0494,Belgium,Mark Cox,1979-11-28,Low,,high_risk_counterparty,,,high_risk_counterparty,0,Isolation forest,True
275,C0016,Sweden,Brian Ramirez,1959-07-13,Low,,,,,,0,Isolation forest,False
276,C0947,Sweden,Kendra Wang DVM,1978-02-16,Low,,,,,,0,Isolation forest,False
277,C0674,Belgium,Timothy Hayden,1954-11-02,Low,,,,,,0,Isolation forest,False
278,C0545,Germany,Mr. Alexander Landry MD,1940-10-18,Low,,high_risk_counterparty,,,high_risk_counterparty,0,Isolation forest,True
279,C0633,Finland,Robert Cummings,1973-07-07,Low,,,,,,0,Isolation forest,False
280,C0188,Netherlands,Samantha Garcia,1941-01-01,Low,,,,,,0,Isolation forest,False
281,C0326,Sweden,Patrick Moore,1993-01-19,Low,,,,,,0,Isolation forest,False
282,C0591,Austria,Laurie Sanchez,2003-03-18,Low,,high_risk_counterparty,,,high_risk_counterparty,0,Isolation forest,True
283,C0684,Sweden,Jennifer Hernandez,1981-09-25,Low,,high_risk_counterparty,,,high_risk_counterparty,0,Isolation forest,True
284,C0616,Netherlands,Matthew Schwartz,1965-06-13,Low,,high_risk_counterparty,,,high_risk_counterparty,0,Isolation forest,True
285,C0969,Switzerland,Courtney Chapman,1986-01-05,Low,,,,,,0,Isolation forest,False
286,C0187,Finland,Jonathan Peterson,1979-05-19,Low,,high_risk_counterparty,,,high_risk_counterparty,0,Isolation forest,True
287,C0369,Germany,Renee Bruce,1994-12-29,Low,,,,,,0,Isolation forest,False
288,C0367,Finland,Courtney Rodriguez,1971-04-25,Low,,high_risk_counterparty,,,high_risk_counterparty,0,Isolation forest,True
289,C0011,Italy,Monica Herrera,1988-04-26,Low,,,,,,0,Isolation forest,False
290,C0258,Austria,Kathleen Moran,1977-01-21,Low,,,,,,0,Isolation forest,False
291,C0692,France,Pamela Gutierrez,1973-09-19,Low,,,,,,0,Isolation forest,False
292,C0950,Finland,Zachary Robinson,1970-04-15,Low,,high_risk_counterparty,,,high_risk_counterparty,1,Isolation forest,True
293,C0152,Sweden,Pamela Boyd,1955-09-10,Low,,,,,,0,Isolation forest,False
294,C0321,Italy,Susan Turner,1994-05-23,Low,,,,,,0,Isolation forest,False
295,C0354,Denmark,Michael Farrell,1957-09-17,Low,,,,,,0,Isolation forest,False
296,C0554,Norway,Barbara Hester,1957-06-17,Low,,,,,,0,Isolation forest,False
297,C0573,Austria,Reginald Knapp,1977-03-12,Low,,high_risk_counterparty,,,high_risk_counterparty,0,Isolation forest,True
298,C0883,Netherlands,Laura Jones,1965-03-18,Low,,high_risk_counterparty,,,high_risk_counterparty,0,Isolation forest,True
299,C0974,Netherlands,Tracy Walker,1990-03-12,Low,,high_risk_counterparty,,,high_risk_counterparty,0,Isolation forest,True
300,C0804,Spain,Rodney Williams,2007-03-30,Low,,high_risk_counterparty,,,high_risk_counterparty,0,Isolation forest,True
301,C0687,Denmark,Maria Henry,1995-11-29,Low,high_amount,,,,high_amount,0,Isolation forest,True
302,C0203,France,Elizabeth Perkins,1987-08-19,Low,high_amount,,,,high_amount,0,Isolation forest,True
303,C0446,Sweden,Tracy Montoya,1993-12-25,Low,,high_risk_counterparty,,,high_risk_counterparty,0,Isolation forest,True
304,C0655,Austria,Robert Dennis,2004-05-07,Low,,,,,,0,Isolation forest,False
305,C0253,Germany,Tanya Kim,1944-03-12,Low,,high_risk_counterparty,,,high_risk_counterparty,1,Isolation forest,True
306,C0553,Switzerland,Diana Hays,1989-02-16,Low,,high_risk_counterparty,,,high_risk_counterparty,0,Isolation forest,True
307,C0135,Sweden,Rebecca Jackson,1959-10-28,Low,,,,,,0,Isolation forest,False
308,C0444,Austria,Holly Valentine,1998-12-12,Low,,high_risk_counterparty,,,high_risk_counterparty,0,Isolation forest,True
309,C0479,Germany,Curtis Williams,1973-08-04,Low,,high_risk_counterparty,,,high_risk_counterparty,0,Isolation forest,True
310,C0875,Spain,Jesse Lynch,1940-06-19,Low,,high_risk_counterparty,,,high_risk_counterparty,0,Isolation forest,True
311,C0307,Belgium,Edward Burgess,1971-01-07,Low,,,,,,0,Isolation forest,False
312,C0370,Netherlands,Sabrina Austin,1969-08-05,Low,,,,,,0,Isolation forest,False
313,C0516,Belgium,Dr. Kelly Hammond DVM,1955-11-28,Low,,,,,,0,Isolation forest,False
314,C0397,Switzerland,Jennifer Collins,1991-06-29,Low,,high_risk_counterparty,,,high_risk_counterparty,0,Isolation forest,True
315,C0754,Finland,Jennifer Porter,1947-07-25,Low,,,,,,0,Isolation forest,False
316,C0174,France,Matthew Harrington,1950-09-13,Low,,,,,,0,Isolation forest,False
317,C0634,Spain,Robert Reese,1953-07-14,Low,,,,,,0,Isolation forest,False
318,C0841,Denmark,Casey Perez,1996-08-28,Low,,high_risk_counterparty,,,high_risk_counterparty,0,Isolation forest,True
319,C0910,Denmark,Casey Wilkins,1999-09-30,Low,,,,,,0,Isolation forest,False
320,C0286,France,Elaine Brooks,1969-07-07,Low,,high_risk_counterparty,,,high_risk_counterparty,0,Isolation forest,True
321,C0436,Germany,Sophia Johnson,2007-03-22,Low,,,,,,0,Isolation forest,False
322,C0780,Denmark,Kevin Price,1987-01-19,Low,,,,,,0,Isolation forest,False
323,C0888,Denmark,Dana Ruiz,1947-11-25,Low,,,,,,0,Isolation forest,False
324,C0325,Italy,Natalie Bautista,1967-04-13,Low,,high_risk_counterparty,,,high_risk_counterparty,0,Isolation forest,True
325,C0758,Sweden,Melissa Stephens,1984-12-23,Low,,,,,,0,Isolation forest,False
326,C0722,Italy,Raymond Johnson,1961-01-27,Low,,,,,,0,Isolation forest,False
327,C0074,Belgium,Lauren Daniels,2003-02-23,Low,,,,,,0,Isolation forest,False
328,C0469,Belgium,Katie Mcneil,1964-09-11,Low,,high_risk_counterparty,,,high_risk_counterparty,0,Isolation forest,True
329,C0610,Austria,Casey Chase,2005-01-23,Low,,,,,,0,Isolation forest,False
330,C0852,Belgium,Paul Lawrence,1977-05-04,Low,,,,,,0,Isolation forest,False
331,C0426,Italy,Gregory Ponce,1994-08-27,Low,high_amount,high_risk_counterparty,,,"high_amount, high_risk_counterparty",0,Isolation forest,True
332,C0654,Belgium,Amy Gordon,1972-04-13,Low,,,,,,0,Isolation forest,False
333,C0838,Finland,Carol Sanders,1989-09-20,Low,,high_risk_counterparty,,,high_risk_counterparty,0,Isolation forest,True
334,C0798,Norway,Michael Perry PhD,1964-03-22,Low,high_amount,high_risk_counterparty,,,"high_amount, high_risk_counterparty",1,Isolation forest,True
335,C0813,Norway,Douglas Ryan,1970-02-12,Low,high_amount,high_risk_counterparty,,,"high_amount, high_risk_counterparty",0,Isolation forest,True
336,C0331,Switzerland,Vanessa Howard,2001-04-29,Low,high_amount,,,,high_amount,0,Isolation forest,True
337,C0346,Norway,Theresa Williams,1971-03-20,Low,,high_risk_counterparty,,,high_risk_counterparty,0,Isolation forest,True
338,C0770,Switzerland,Todd Thomas,1950-09-23,Low,,high_risk_counterparty,,,high_risk_counterparty,0,Isolation forest,True
339,C0826,Austria,Monica Ellis,1980-10-22,Low,high_amount,,,,high_amount,0,Isolation forest,True
340,C0199,France,Adam Vaughan,1998-03-19,Low,,,,,,0,Isolation forest,False
341,C0524,Germany,Sarah King,1984-10-11,Low,,high_risk_counterparty,,,high_risk_counterparty,1,Isolation forest,True
342,C0863,Switzerland,Holly Vega,1979-01-18,Low,,,,,,1,Isolation forest,True
343,C0518,Italy,Michael Cooper,1964-04-29,Low,,high_risk_counterparty,,,high_risk_counterparty,0,Isolation forest,True
344,C0335,Netherlands,Dana Martinez,1967-11-11,Low,high_amount,,,,high_amount,0,Isolation forest,True
345,C0304,Germany,Sara Fuller,1978-09-20,Low,,,,,,0,Isolation forest,False
346,C0106,Belgium,Marc Moore,2001-09-28,Low,,,,,,0,Isolation forest,False
347,C0423,Netherlands,Michael Mitchell,1955-04-02,Low,,high_risk_counterparty,,,high_risk_counterparty,0,Isolation forest,True
348,C0936,Spain,Cody Ramirez,1988-08-15,Low,,,,,,0,Isolation forest,False
349,C0601,Sweden,Casey Gillespie,1943-10-25,Low,,high_risk_counterparty,,,high_risk_counterparty,0,Isolation forest,True
350,C0244,Spain,Brandon Bailey MD,1945-07-02,Low,,,,,,0,Isolation forest,False
351,C0366,Denmark,Kenneth Lewis,1999-04-14,Low,,,,,,0,Isolation forest,False
352,C0925,Sweden,Danielle Murray,1959-02-10,Low,,high_risk_counterparty,,,high_risk_counterparty,0,Isolation forest,True
353,C0523,France,Hannah Everett,1989-04-05,Low,,,,,,0,Isolation forest,False
354,C0656,Sweden,Kyle Chambers,1941-02-09,Low,,,,,,0,Isolation forest,False
355,C0911,Austria,Keith Graham,1945-09-22,Low,,,,,,0,Isolation forest,False
356,C0876,France,Patrick Yang,1976-04-09,Low,,,,,,0,Isolation forest,False
357,C0420,Finland,Jake Campbell,1953-10-27,Low,,high_risk_counterparty,,,high_risk_counterparty,0,Isolation forest,True
358,C0843,Sweden,Virginia Henderson,1992-05-14,Low,,,,,,0,Isolation forest,False
359,C0046,Finland,Philip Cannon,2005-08-27,Low,high_amount,high_risk_counterparty,,,"high_amount, high_risk_counterparty",0,Isolation forest,True
360,C0984,Belgium,Sean Curtis,1957-02-17,Low,,,,,,0,Isolation forest,False
361,C0515,Spain,Angelica Parker,1994-04-11,Low,,high_risk_counterparty,,,high_risk_counterparty,1,Isolation forest,True
362,C0141,Germany,Cheyenne Horton,1988-04-15,Low,,,,,,0,Isolation forest,False
363,C0887,Spain,Jordan Williams,1966-03-29,Low,,,,,,0,Isolation forest,False
364,C0556,Italy,Nicole Gonzalez,1958-09-27,Low,,high_risk_counterparty,,,high_risk_counterparty,0,Isolation forest,True
365,C0237,Norway,Andrew Reynolds,1982-07-09,Low,high_amount,high_risk_counterparty,,,"high_amount, high_risk_counterparty",0,Isolation forest,True
366,C0849,Switzerland,Jessica Bowen,1963-06-03,Low,,high_risk_counterparty,,,high_risk_counterparty,0,Isolation forest,True
367,C0005,Belgium,Cristian Santos,2003-07-27,Low,,,,,,1,Isolation forest,True
368,C0329,Italy,Jeremy Sampson,1982-11-24,Low,,,,,,0,Isolation forest,False
369,C0606,Denmark,Todd Rosales MD,1954-05-20,Low,,high_risk_counterparty,,,high_risk_counterparty,0,Isolation forest,True
370,C0177,Denmark,Michael Elliott,1970-11-29,Low,,high_risk_counterparty,,,high_risk_counterparty,0,Isolation forest,True
371,C0332,Austria,Colton Martinez,1991-03-20,Low,,high_risk_counterparty,,,high_risk_counterparty,0,Isolation forest,True
372,C0741,Denmark,Eric Rush,1960-03-05,Low,,,,,,0,Isolation forest,False
373,C0639,Finland,Maria Fisher,1953-05-30,Low,,,,,,0,Isolation forest,False
374,C0968,Belgium,Melissa Mcfarland,1944-06-12,Low,,high_risk_counterparty,,,high_risk_counterparty,0,Isolation forest,True
375,C0450,Denmark,Phillip Nelson,1956-01-17,Low,,,,,,0,Isolation forest,False
376,C0761,Switzerland,Mary Kelly,1983-04-12,Low,,,,,,0,Isolation forest,False
377,C0273,Switzerland,Jonathan Lawrence,1995-05-06,Low,high_amount,high_risk_counterparty,,,"high_amount, high_risk_counterparty",0,Isolation forest,True
378,C0355,Netherlands,Patricia Le,1987-12-05,Low,,,,,,0,Isolation forest,False
379,C0574,Denmark,Nancy Brown,1983-02-09,Low,,,,,,0,Isolation forest,False
380,C0019,Denmark,Lisa Jackson,1999-07-20,Low,,,,,,0,Isolation forest,False
381,C0052,Denmark,Danny Morgan,1943-07-03,Low,,,,,,0,Isolation forest,False
382,C0405,Italy,Joann Glass,1956-11-10,Low,,high_risk_counterparty,,,high_risk_counterparty,0,Isolation forest,True
383,C0745,Norway,Travis Harris,1973-09-17,Low,,high_risk_counterparty,,,high_risk_counterparty,0,Isolation forest,True
384,C0215,Sweden,Julie Alexander,1990-09-30,Low,,high_risk_counterparty,,,high_risk_counterparty,0,Isolation forest,True
385,C0053,Sweden,Crystal Robinson,1968-09-26,Low,,high_risk_counterparty,,,high_risk_counterparty,0,Isolation forest,True
386,C0201,Germany,Melissa Brewer,1997-06-03,Low,,high_risk_counterparty,,,high_risk_counterparty,0,Isolation forest,True
387,C0057,Belgium,Timothy Duncan,1945-08-16,Low,high_amount,,,,high_amount,1,Isolation forest,True
388,C0251,Norway,Isaiah Avila,1975-12-24,Low,,,,,,0,Isolation forest,False
389,C0197,Denmark,Daniel Salinas,1940-12-21,Low,,high_risk_counterparty,,,high_risk_counterparty,0,Isolation forest,True
390,C0245,Austria,Shannon Rivera,1960-09-30,Low,,high_risk_counterparty,,,high_risk_counterparty,0,Isolation forest,True
391,C0665,Germany,Renee Melendez,1970-03-19,Low,,,,,,0,Isolation forest,False
392,C0381,Austria,Karla Ramos,1987-07-09,Low,high_amount,high_risk_counterparty,,,"high_amount, high_risk_counterparty",0,Isolation forest,True
393,C0144,Germany,Christopher Rubio,1976-04-03,Low,,,,,,0,Isolation forest,False
394,C0904,Netherlands,Matthew Sweeney,1999-11-17,Low,,,,,,0,Isolation forest,False
395,C0891,Finland,Jennifer Morris,1948-07-05,Low,,high_risk_counterparty,,,high_risk_counterparty,1,Isolation forest,True
396,C0765,Finland,Jorge Stone,1962-11-08,Low,high_amount,,,,high_amount,0,Isolation forest,True
397,C0941,Finland,Lydia Pham,1996-11-29,Low,,high_risk_counterparty,,,high_risk_counterparty,0,Isolation forest,True
398,C0171,Switzerland,Jamie Walton,2007-03-08,Low,,high_risk_counterparty,,,high_risk_counterparty,0,Isolation forest,True
399,C0832,Finland,Richard Stevens,1975-08-17,Low,,high_risk_counterparty,,,high_risk_counterparty,0,Isolation forest,True
400,C0854,Denmark,Donald Miller,1949-10-22,Low,,,,,,0,Isolation forest,False
401,C0971,Switzerland,Nicholas Rush,1998-02-09,Low,,,,,,0,Isolation forest,False
402,C0172,Norway,Darlene Miller,1981-01-08,Low,high_amount,high_risk_counterparty,,,"high_amount, high_risk_counterparty",0,Isolation forest,True
403,C0265,Spain,Yvonne Burns,1940-03-03,Low,,high_risk_counterparty,,,high_risk_counterparty,0,Isolation forest,True
404,C0371,Switzerland,Allison Hickman,1966-07-23,Low,,high_risk_counterparty,,,high_risk_counterparty,0,Isolation forest,True
405,C0028,Austria,Stephanie Ross,1976-05-26,Low,high_amount,,,,high_amount,0,Isolation forest,True
406,C0569,Netherlands,Lisa Randall,1986-01-03,Low,,high_risk_counterparty,,,high_risk_counterparty,0,Isolation forest,True
407,C0120,Denmark,Jeffrey Chandler,1940-08-22,Low,,high_risk_counterparty,,,high_risk_counterparty,0,Isolation forest,True
408,C0148,Netherlands,Stephanie Salazar,1978-04-25,Low,,,,,,0,Isolation forest,False
409,C0246,Germany,Donna Landry,1988-01-05,Low,,high_risk_counterparty,,,high_risk_counterparty,0,Isolation forest,True
410,C0823,Sweden,Jose Ramirez,1981-10-27,Low,,,,,,0,Isolation forest,False
411,C0041,Belgium,Paula Moreno,1996-07-19,Low,,high_risk_counterparty,,,high_risk_counterparty,0,Isolation forest,True
412,C0986,Sweden,Elizabeth Flores,1983-09-01,Low,,,,,,0,Isolation forest,False
413,C0133,Finland,Mary Marshall,1993-07-06,Low,,,,,,0,Isolation forest,False
414,C0713,Austria,Timothy Edwards,1944-03-21,Low,,,,,,0,Isolation forest,False
415,C0021,Spain,Margaret Hawkins DDS,1978-06-27,Low,,,,,,0,Isolation forest,False
416,C0470,Denmark,Jeanette Harrison,1955-02-23,Low,,high_risk_counterparty,,,high_risk_counterparty,0,Isolation forest,True
417,C0309,Sweden,Kiara Mcintyre,1956-04-05,Low,,,,,,0,Isolation forest,False
418,C0985,Sweden,Carla Jones,1981-10-17,Low,,,,,,0,Isolation forest,False
419,C0903,Sweden,Sherry Tapia,1945-05-23,Low,,,,,,0,Isolation forest,False
420,C0600,Belgium,Susan Thompson,1949-07-23,Low,,,,,,0,Isolation forest,False
421,C0769,Italy,Jason Nixon,1971-07-10,Low,,,,,,0,Isolation forest,False
422,C0565,Denmark,Molly Watts,1940-08-07,Low,,,,,,0,Isolation forest,False
423,C0660,Germany,Lori Simmons,1982-06-15,Low,high_amount,,,,high_amount,0,Isolation forest,True
424,C0272,Switzerland,Veronica Simpson,1939-10-26,Low,,high_risk_counterparty,,,high_risk_counterparty,0,Isolation forest,True
425,C0682,Sweden,Justin Walker,1979-02-21,Low,,,,,,0,Isolation forest,False
426,C0416,Austria,Antonio Garcia,2003-03-09,Low,,high_risk_counterparty,,,high_risk_counterparty,0,Isolation forest,True
427,C0461,Spain,Kelsey Rodriguez,1949-02-01,Low,,,,,,0,Isolation forest,False
428,C0686,Sweden,Mr. Michael Scott PhD,1968-10-09,Low,,high_risk_counterparty,,,high_risk_counterparty,0,Isolation forest,True
429,C0434,France,Chad Jones,1980-10-20,Low,,,,,,0,Isolation forest,False
430,C0919,Italy,Bryan Moore,1940-04-19,Low,,,,,,0,Isolation forest,False
431,C0044,Norway,Anthony Humphrey,1958-02-08,Low,,,,,,0,Isolation forest,False
432,C0007,France,Abigail Shaffer,2003-10-28,Low,,high_risk_counterparty,,,high_risk_counterparty,0,Isolation forest,True
433,C0025,Denmark,Matthew Foster,1972-08-24,Low,,high_risk_counterparty,,,high_risk_counterparty,0,Isolation forest,True
434,C0945,Netherlands,Francis Robinson,1957-03-08,Low,,,,,,0,Isolation forest,False
435,C0190,Denmark,Jessica Gross,1989-12-20,Low,,high_risk_counterparty,,,high_risk_counterparty,0,Isolation forest,True
436,C0983,Switzerland,Joshua Garcia,1966-02-09,Low,,high_risk_counterparty,,,high_risk_counterparty,0,Isolation forest,True
437,C0775,Denmark,Carly Riggs,1940-05-03,Low,,high_risk_counterparty,,,high_risk_counterparty,0,Isolation forest,True
438,C0617,Italy,Bryan Parker,1961-11-15,Low,,,,,,0,Isolation forest,False
439,C0084,France,Paul Jones,1964-06-26,Low,,,,,,0,Isolation forest,False
440,C0613,Belgium,Franklin Wright,2005-02-09,Low,,high_risk_counterparty,,,high_risk_counterparty,0,Isolation forest,True
441,C0336,France,Andrea Hubbard,1955-07-07,Low,,,,,,0,Isolation forest,False
442,C0327,Sweden,Brett Burns,2006-09-08,Low,,,,,,0,Isolation forest,False
443,C0093,Spain,Denise Jacobs,2000-05-19,Low,,,,,,0,Isolation forest,False
444,C0698,Netherlands,Alicia Li,1997-08-25,Low,,high_risk_counterparty,,,high_risk_counterparty,0,Isolation forest,True
445,C0472,Belgium,Richard Cooper,1968-02-21,Low,,high_risk_counterparty,,,high_risk_counterparty,1,Isolation forest,True
446,C0432,Norway,Jack White,1976-06-14,Low,,,,,,0,Isolation forest,False
447,C0867,Denmark,Lori Mason,2001-02-16,Low,,high_risk_counterparty,,,high_risk_counterparty,0,Isolation forest,True
448,C0970,Austria,Eric Barker,1954-03-23,Low,,,,,,0,Isolation forest,False
449,C0014,Finland,Michele Williams,1974-07-27,Low,,,,,,0,Isolation forest,False
450,C0153,Belgium,Denise Jones,1965-08-06,Low,high_amount,high_risk_counterparty,,,"high_amount, high_risk_counterparty",0,Isolation forest,True
451,C0642,Denmark,Martha Bailey,1952-04-05,Low,,high_risk_counterparty,,,high_risk_counterparty,0,Isolation forest,True
452,C0344,Italy,Nichole Alvarez,1972-01-19,Low,,,,,,0,Isolation forest,False
453,C0693,Denmark,Crystal Mann,1953-10-11,Low,,high_risk_counterparty,,,high_risk_counterparty,0,Isolation forest,True
454,C0759,Italy,Heather Woodard,1963-11-15,Low,,high_risk_counterparty,,,high_risk_counterparty,0,Isolation forest,True
455,C0937,Germany,Amanda Harvey,1998-03-12,Low,,,,,,0,Isolation forest,False
456,C0935,Norway,Michael Thompson,2005-04-26,Low,,high_risk_counterparty,,,high_risk_counterparty,0,Isolation forest,True
457,C0438,Denmark,Christopher Guerra,1985-06-20,Low,,,,,,0,Isolation forest,False
458,C0916,Belgium,Brittney Martin,1952-05-24,Low,high_amount,high_risk_counterparty,,,"high_amount, high_risk_counterparty",0,Isolation forest,True
459,C0467,Germany,Jason Beck,1995-02-04,Low,,,,,,0,Isolation forest,False
460,C0532,Sweden,Mark Jimenez,2000-02-13,Low,,,,,,0,Isolation forest,False
461,C0066,Spain,Amber Kidd,1982-03-10,Low,,high_risk_counterparty,,,high_risk_counterparty,0,Isolation forest,True
462,C0101,Belgium,Sandra Aguilar,1999-11-25,Low,high_amount,,,,high_amount,0,Isolation forest,True
463,C0907,Finland,Michelle Davis DVM,1978-07-14,Low,,high_risk_counterparty,,,high_risk_counterparty,0,Isolation forest,True
464,C0219,Switzerland,Justin Torres,1984-07-21,Low,,high_risk_counterparty,,,high_risk_counterparty,0,Isolation forest,True
465,C0087,Austria,Shirley Suarez,1984-03-26,Low,high_amount,,,,high_amount,0,Isolation forest,True
466,C0362,Belgium,Laurie Hoffman,1956-09-24,Low,,high_risk_counterparty,,,high_risk_counterparty,0,Isolation forest,True
467,C0459,Austria,Aaron Miller,1980-01-09,Low,,high_risk_counterparty,,,high_risk_counterparty,0,Isolation forest,True
468,C0893,Spain,Jake Shaw,1960-03-14,Low,,high_risk_counterparty,,,high_risk_counterparty,0,Isolation forest,True
469,C0810,Germany,Heather Page,1948-03-20,Low,,,,,,0,Isolation forest,False
470,C0975,Norway,Taylor Taylor,1957-03-05,Low,,,,,,0,Isolation forest,False
471,C0388,Denmark,James Padilla,1970-08-08,Low,,,,,,0,Isolation forest,False
472,C0189,Austria,Madison Poole,1976-06-16,Low,,,,,,0,Isolation forest,False
473,C0511,Belgium,Rebecca Hicks,1954-03-28,Low,,,,,,0,Isolation forest,False
474,C0784,Norway,Dennis Huffman,1995-09-14,Low,,,,,,0,Isolation forest,False
475,C0085,Sweden,Zachary Ferrell,1983-05-11,Low,,high_risk_counterparty,,,high_risk_counterparty,1,Isolation forest,True
476,C0009,Germany,Gabrielle Davis,1972-08-15,Low,,high_risk_counterparty,,,high_risk_counterparty,0,Isolation forest,True
477,C0376,Spain,Paul Lewis,1996-10-04,Low,,,,,,0,Isolation forest,False
478,C0520,Sweden,Vincent Reynolds,1992-11-15,Low,,,,,,0,Isolation forest,False
479,C0598,France,Susan Davis,1992-07-20,Low,,high_risk_counterparty,,,high_risk_counterparty,0,Isolation forest,True
480,C0670,Sweden,Michael Morrison,1959-12-26,Low,,,,,,0,Isolation forest,False
481,C0783,Netherlands,Chelsea Nguyen,1970-09-23,Low,,,,,,0,Isolation forest,False
482,C0095,Spain,John Whitehead,1949-03-31,Low,,high_risk_counterparty,,,high_risk_counterparty,0,Isolation forest,True
483,C0514,Spain,Robert Arnold,1961-07-07,Low,,,,,,0,Isolation forest,False
484,C0521,Italy,Amy Martinez,1983-02-19,Low,,high_risk_counterparty,,,high_risk_counterparty,0,Isolation forest,True
485,C0676,Austria,Larry Harris,1997-12-25,Low,,,,,,0,Isolation forest,False
486,C0458,Belgium,Brenda Thornton,1994-08-19,Low,,,,,,0,Isolation forest,False
487,C0921,Austria,Russell Murphy,1960-01-27,Low,,high_risk_counterparty,,,high_risk_counterparty,0,Isolation forest,True
488,C0363,Sweden,Bryan Gomez,1964-09-09,Low,,,,,,0,Isolation forest,False
489,C0956,Belgium,William Keith,1961-04-05,Low,,,,,,0,Isolation forest,False
490,C0319,Italy,Stephen Hoffman,1995-12-16,Low,,high_risk_counterparty,,,high_risk_counterparty,0,Isolation forest,True
491,C0270,France,Patrick Thornton,1984-05-09,Low,,high_risk_counterparty,,,high_risk_counterparty,0,Isolation forest,True
492,C0453,Germany,Alexander Brown,1965-10-13,Low,,,,,,0,Isolation forest,False
493,C0662,Denmark,Emma Butler,1951-07-11,Low,,,,,,0,Isolation forest,False
494,C0638,Norway,Randy Cannon,1968-01-04,Low,,,,,,0,Isolation forest,False
495,C0750,Netherlands,Leslie Gardner,1993-05-08,Low,,,,,,0,Isolation forest,False
496,C0150,Switzerland,Stephanie Manning,1972-07-14,Low,,,,,,0,Isolation forest,False
497,C0401,Switzerland,Robin Young,1973-05-26,Low,,high_risk_counterparty,,,high_risk_counterparty,0,Isolation forest,True
498,C0561,Italy,Nancy Evans MD,1984-04-28,Low,,,,,,0,Isolation forest,False
499,C0905,Netherlands,Ashley Moreno,1997-09-04,Low,,,,,,0,Isolation forest,False
500,C0799,Norway,Bradley Johnson DDS,1983-05-19,Low,,,,,,0,Isolation forest,False
501,C0383,Switzerland,Douglas Gregory,1952-09-04,Low,,high_risk_counterparty,,,high_risk_counterparty,0,Isolation forest,True
502,C0729,Italy,Aaron Parker,1957-02-12,Low,,high_risk_counterparty,,,high_risk_counterparty,0,Isolation forest,True
503,C0585,Spain,Jamie Baird,1963-08-08,Low,,,,,,0,Isolation forest,False
504,C0807,Denmark,Zachary Cole,2006-03-30,Low,,,,,,0,Isolation forest,False
505,C0787,Spain,Lisa Cervantes,1985-07-28,Low,,high_risk_counterparty,,,high_risk_counterparty,0,Isolation forest,True
506,C0821,Belgium,Debra Perry,1997-10-28,Low,,,,,,0,Isolation forest,False
507,C0597,Switzerland,Victor Morris,1971-04-20,Low,,,,,,0,Isolation forest,False
508,C0979,Italy,Derek Wright,1981-12-14,Low,,high_risk_counterparty,,,high_risk_counterparty,0,Isolation forest,True
509,C0480,Switzerland,Kaylee Hays,1972-08-24,Low,,,,,,0,Isolation forest,False
510,C0075,Switzerland,Amy Silva,1942-04-27,Low,,high_risk_counterparty,,,high_risk_counterparty,0,Isolation forest,True
511,C0677,Germany,Kristen Rowe,1941-03-03,Low,,,,,,0,Isolation forest,False
512,C0928,Spain,Jacqueline Mccoy,1996-11-30,Low,,,,,,0,Isolation forest,False
513,C0531,Norway,Marilyn Wang,1969-04-01,Low,,,,,,0,Isolation forest,False
514,C0815,Austria,Scott Duke,1946-06-08,Low,,,,,,0,Isolation forest,False
515,C0571,Norway,Ashley Smith,1977-01-02,Low,,,,,,0,Isolation forest,False
516,C0879,Switzerland,Michelle Jackson,1983-07-21,Low,,,,,,0,Isolation forest,False
517,C0132,Netherlands,Dustin Jordan,1952-11-09,Low,,,,,,0,Isolation forest,False
518,C0581,Belgium,William Evans,1992-03-21,Low,,,,,,0,Isolation forest,False
519,C0865,Denmark,Austin Baker,1984-09-29,Low,,,,,,0,Isolation forest,False
520,C0356,Norway,Jesse Perez,1990-11-30,Low,,high_risk_counterparty,,,high_risk_counterparty,0,Isolation forest,True
521,C0002,France,Noah Rhodes,1972-04-15,Low,,,,,,0,Isolation forest,False
522,C0226,Netherlands,Benjamin Smith,1998-09-13,Low,,high_risk_counterparty,,,high_risk_counterparty,0,Isolation forest,True
523,C0175,Finland,Nicole Herring,1941-12-27,Low,,,,,,0,Isolation forest,False
524,C0412,France,Lisa Hunter,1965-10-12,Low,,,,,,0,Isolation forest,False
525,C0452,Belgium,Courtney Hayes,1951-07-18,Low,,,,,,0,Isolation forest,False
526,C0284,Norway,Shelia Wallace,1945-07-19,Low,,,,,,0,Isolation forest,False
527,C0339,Finland,Scott Thomas,1969-12-02,Low,,high_risk_counterparty,,,high_risk_counterparty,0,Isolation forest,True
528,C0752,Finland,Michael Gonzales,1988-01-16,Low,,,,,,0,Isolation forest,False
529,C0834,Italy,Tyler Harris,2002-01-07,Low,,,,,,0,Isolation forest,False
530,C0234,Netherlands,Laura Roberts,1993-10-21,Low,,,,,,0,Isolation forest,False
531,C0496,Denmark,Lawrence Harrington,1970-09-06,Low,,high_risk_counterparty,,,high_risk_counterparty,0,Isolation forest,True
532,C0961,Norway,Erica Johnson,1995-10-12,Low,,,,,,0,Isolation forest,False
533,C0040,Austria,Brittany Farmer,1989-11-27,Low,,,,,,0,Isolation forest,False
534,C0214,Austria,Katherine Salas,1956-05-30,Low,high_amount,,,,high_amount,0,Isolation forest,True
535,C0241,Spain,Andrew Avila,1962-11-22,Low,,high_risk_counterparty,,,high_risk_counterparty,1,Isolation forest,True
536,C0130,Finland,Megan Orr,1974-05-28,Low,,high_risk_counterparty,,,high_risk_counterparty,0,Isolation forest,True
537,C0107,Norway,Sharon Cherry,1953-09-21,Low,high_amount,high_risk_counterparty,,,"high_amount, high_risk_counterparty",0,Isolation forest,True
538,C0063,Germany,Connor West,1946-11-17,Low,,,,,,0,Isolation forest,False
539,C0647,Denmark,Gregory Hill,1999-04-14,Low,,high_risk_counterparty,,,high_risk_counterparty,0,Isolation forest,True
540,C0707,Germany,Adam Jackson,1950-04-20,Low,,high_risk_counterparty,,,high_risk_counterparty,0,Isolation forest,True
541,C0305,Belgium,Maria Parker,1973-06-07,Low,,,,,,0,Isolation forest,False
542,C0632,Sweden,Joyce Brown,1944-02-19,Low,,,,,,0,Isolation forest,False
543,C0045,Switzerland,Angelica Tucker,1947-11-28,Low,,,,,,0,Isolation forest,False
544,C0239,Norway,Sara Johnston,1968-09-03,Low,,,,,,0,Isolation forest,False
545,C0243,Spain,Kevin Walters,1964-08-14,Low,,,,,,0,Isolation forest,False
546,C0283,Spain,Jessica Garcia,1993-07-11,Low,,,,,,0,Isolation forest,False
547,C0281,Germany,Amanda Jones,1951-03-03,Low,,high_risk_counterparty,,,high_risk_counterparty,0,Isolation forest,True
548,C0398,Germany,Gary Jackson,1966-01-20,Low,,,,,,0,Isolation forest,False
549,C0803,France,Reginald Morrow,1946-03-13,Low,,,,,,0,Isolation forest,False
550,C0966,Germany,Travis Conner,1959-05-28,Low,high_amount,,,,high_amount,0,Isolation forest,True
551,C0922,France,David Kelly,1975-08-27,Low,,,,,,0,Isolation forest,False
552,C0413,Austria,Julian Conner,1998-09-21,Low,,,,,,0,Isolation forest,False
553,C0649,Germany,Jennifer Miranda,2002-10-06,Low,,,,,,0,Isolation forest,False
554,C0902,Germany,David Reed,1962-05-27,Low,,,,,,0,Isolation forest,False
555,C0747,Sweden,Michael Henry,1946-05-30,Low,,high_risk_counterparty,,,high_risk_counterparty,0,Isolation forest,True
556,C0200,Italy,Nathan Freeman,1973-02-28,Low,,,,,,1,Isolation forest,True
557,C0691,Netherlands,Ryan Landry,2004-06-30,Low,,high_risk_counterparty,,,high_risk_counterparty,0,Isolation forest,True
558,C0755,France,Dana Hopkins,1989-11-22,Low,,high_risk_counterparty,,,high_risk_counterparty,0,Isolation forest,True
559,C0767,Italy,Raymond Chapman,1959-02-01,Low,,,,,,0,Isolation forest,False
560,C0795,Italy,Jerry Brown,1983-06-20,Low,high_amount,high_risk_counterparty,,,"high_amount, high_risk_counterparty",0,Isolation forest,True
561,C0800,Sweden,Donald Medina,1956-01-17,Low,high_amount,,,,high_amount,0,Isolation forest,True
562,C0324,Belgium,Brandy Chavez,2002-12-22,Low,high_amount,,,,high_amount,0,Isolation forest,True
563,C0433,Sweden,Travis Tucker,1981-07-12,Low,,,,,,0,Isolation forest,False
564,C0602,Sweden,Jennifer Simpson DVM,2004-09-21,Low,,high_risk_counterparty,,,high_risk_counterparty,0,Isolation forest,True
565,C0255,Switzerland,Cynthia Moore,1974-02-25,Low,,high_risk_counterparty,,,high_risk_counterparty,0,Isolation forest,True
566,C0923,Belgium,Megan Green,1968-09-03,Low,,high_risk_counterparty,,,high_risk_counterparty,0,Isolation forest,True
567,C0170,Sweden,Daniel Murphy,1969-01-24,Low,,,,,,0,Isolation forest,False
568,C0486,Italy,Jonathan Glass MD,1954-01-03,Low,,high_risk_counterparty,,,high_risk_counterparty,0,Isolation forest,True
569,C0147,Switzerland,Victoria Larson,1949-02-26,Low,,high_risk_counterparty,,,high_risk_counterparty,0,Isolation forest,True
570,C0373,Sweden,Ellen Morgan,1989-04-11,Low,,,,,,0,Isolation forest,False
571,C0407,Belgium,Lori Hernandez,1973-11-17,Low,,,,,,0,Isolation forest,False
572,C0806,Norway,Ronald Potter,1965-03-19,Low,,high_risk_counterparty,,,high_risk_counterparty,0,Isolation forest,True
573,C0976,Austria,Cynthia Haas,1959-03-07,Low,,high_risk_counterparty,,,high_risk_counterparty,0,Isolation forest,True
574,C0349,Italy,James Parks,1959-01-01,Low,high_amount,high_risk_counterparty,,,"high_amount, high_risk_counterparty",1,Isolation forest,True
575,C0689,Denmark,Katherine Stark,1988-05-19,Low,,,,,,0,Isolation forest,False
576,C0716,Italy,David Davenport,1979-10-23,Low,,,,,,0,Isolation forest,False
577,C0386,Norway,Chad Scott,1977-02-03,Low,,,,,,0,Isolation forest,False
578,C0809,Belgium,Patricia Young PhD,1999-09-05,Low,,high_risk_counterparty,,,high_risk_counterparty,0,Isolation forest,True
579,C0454,Switzerland,Cynthia Vang,1999-06-09,Low,,high_risk_counterparty,,,high_risk_counterparty,0,Isolation forest,True
580,C0501,Switzerland,Jennifer Banks,1980-06-07,Low,,,,,,0,Isolation forest,False
581,C0862,Sweden,Bonnie Valencia,1988-09-10,Low,,high_risk_counterparty,,,high_risk_counterparty,0,Isolation forest,True
582,C0962,Netherlands,Sylvia Schroeder,1966-02-04,Low,,,,,,0,Isolation forest,False
583,C0410,Denmark,Jesse Brown,1960-06-27,Low,,high_risk_counterparty,,,high_risk_counterparty,0,Isolation forest,True
584,C0746,Norway,Vincent Novak,1978-07-22,Low,,high_risk_counterparty,,,high_risk_counterparty,0,Isolation forest,True
585,C0080,Spain,Lisa Barnes,1994-09-10,Low,,high_risk_counterparty,,,high_risk_counterparty,0,Isolation forest,True
586,C0886,France,Kenneth Sharp,1981-01-25,Low,,high_risk_counterparty,,,high_risk_counterparty,0,Isolation forest,True
587,C0628,Italy,Laura Hernandez,1973-06-16,Low,,,,,,0,Isolation forest,False
588,C0592,Austria,Kiara Little,1989-08-18,Low,,,,,,0,Isolation forest,False
589,C0184,France,Ashley Barton,1944-02-03,Low,,high_risk_counterparty,,,high_risk_counterparty,0,Isolation forest,True
590,C0575,Switzerland,Daniel Nguyen,1950-12-31,Low,,,,,,0,Isolation forest,False
591,C0929,Belgium,Lauren Green,1964-11-04,Low,,,,,,0,Isolation forest,False
592,C0112,Italy,Shannon Walker,1968-12-28,Low,,high_risk_counterparty,,,high_risk_counterparty,0,Isolation forest,True
593,C0140,Spain,Angel Perry,1961-11-08,Low,,,,,,0,Isolation forest,False
594,C0738,Sweden,Arthur Hamilton MD,1942-12-09,Low,,high_risk_counterparty,,,high_risk_counterparty,0,Isolation forest,True
595,C0306,Switzerland,Kevin Oconnor,2000-05-19,Low,,,,,,0,Isolation forest,False
596,C0090,France,Aimee Montoya,2006-06-24,Low,,high_risk_counterparty,,,high_risk_counterparty,0,Isolation forest,True
597,C0551,Switzerland,Kelly Lee,1958-03-30,Low,,high_risk_counterparty,,,high_risk_counterparty,0,Isolation forest,True
598,C0342,France,Cynthia Morris,1989-01-30,Low,,high_risk_counterparty,,,high_risk_counterparty,0,Isolation forest,True
599,C0451,Finland,Brittany Kim,1993-12-05,Low,,,,,,0,Isolation forest,False
600,C0072,Finland,Whitney Peters,2007-07-05,Low,,,,,,0,Isolation forest,False
601,C0659,Austria,Travis Hobbs,1970-08-29,Low,,,,,,0,Isolation forest,False
602,C0874,Sweden,Amy Miller,1955-01-22,Low,,high_risk_counterparty,,,high_risk_counterparty,0,Isolation forest,True
603,C0302,Norway,Heather Fields,1973-10-02,Low,,,,,,1,Isolation forest,True
604,C0318,Austria,Ashley Hall,1951-10-03,Low,,high_risk_counterparty,,,high_risk_counterparty,0,Isolation forest,True
605,C0233,Switzerland,Christopher Parker,1993-05-22,Low,,high_risk_counterparty,,,high_risk_counterparty,0,Isolation forest,True
606,C0477,Sweden,Robin Brown,1979-01-10,Low,,high_risk_counterparty,,,high_risk_counterparty,0,Isolation forest,True
607,C0721,Finland,Randy Friedman,1990-04-01,Low,,high_risk_counterparty,,,high_risk_counterparty,0,Isolation forest,True
608,C0715,France,Jennifer Jones,1943-01-04,Low,,high_risk_counterparty,,,high_risk_counterparty,0,Isolation forest,True
609,C0261,France,Katie Suarez,1996-03-15,Low,,,,,,0,Isolation forest,False
610,C0424,Austria,Mary Escobar,1960-05-02,Low,,high_risk_counterparty,,,high_risk_counterparty,0,Isolation forest,True
611,C0384,France,Mr. Andrew Foster,1949-03-23,Low,,,,,,0,Isolation forest,False
612,C0712,Austria,Stephanie Elliott,1943-12-06,Low,,high_risk_counterparty,,,high_risk_counterparty,0,Isolation forest,True
613,C0733,Austria,Kyle Nguyen,1990-02-25,Low,,,,,,0,Isolation forest,False
614,C0213,Italy,Melissa Martinez,2004-01-24,Low,high_amount,,,,high_amount,0,Isolation forest,True
615,C0460,Italy,Ruben Dunn,1978-01-18,Low,,,,,,0,Isolation forest,False
616,C0678,Spain,Joseph Howard,1984-06-10,Low,,high_risk_counterparty,,,high_risk_counterparty,0,Isolation forest,True
617,C0696,Denmark,Mr. Aaron Arnold,1946-04-22,Low,,high_risk_counterparty,,,high_risk_counterparty,0,Isolation forest,True
618,C0248,Spain,Frank Cordova,1945-12-30,Low,,,,,,0,Isolation forest,False
619,C0972,Austria,Jenna Gamble,1975-10-02,Low,,,,,,0,Isolation forest,False
620,C0564,Sweden,Veronica Silva,1970-06-29,Low,,high_risk_counterparty,,,high_risk_counterparty,0,Isolation forest,True
621,C0102,Norway,Cameron Parker,1984-07-11,Low,,high_risk_counterparty,,,high_risk_counterparty,0,Isolation forest,True
622,C0909,Italy,William Miller,1943-01-05,Low,,high_risk_counterparty,,,high_risk_counterparty,0,Isolation forest,True
623,C0264,Sweden,Diane Evans,1959-12-23,Low,,high_risk_counterparty,,,high_risk_counterparty,0,Isolation forest,True
624,C0035,Denmark,Debra Davidson,1944-02-05,Low,,,,,,0,Isolation forest,False
625,C0114,Sweden,Crystal Johnson,1995-07-07,Low,,,,,,0,Isolation forest,False
626,C0312,Switzerland,Victor Taylor,1965-10-15,Low,,high_risk_counterparty,,,high_risk_counterparty,0,Isolation forest,True
627,C0778,Denmark,Cody Davidson,1947-07-05,Low,,,,,,0,Isolation forest,False
628,C0340,Austria,David Thompson,1973-01-18,Low,,high_risk_counterparty,,,high_risk_counterparty,0,Isolation forest,True
629,C0293,Denmark,Jeremy Reed,1980-04-03,Low,,high_risk_counterparty,,,high_risk_counterparty,0,Isolation forest,True
630,C0605,Norway,Mrs. Virginia Daniels,1962-04-20,Low,,,,,,0,Isolation forest,False
631,C0070,Sweden,William Baker,2004-10-13,Low,,high_risk_counterparty,,,high_risk_counterparty,0,Isolation forest,True
632,C0492,Norway,Heather Bolton,1952-12-18,Low,,,,,,0,Isolation forest,False
633,C0788,Finland,Elizabeth Mendez,1944-05-22,Low,,,,,,0,Isolation forest,False
634,C0959,Belgium,Thomas Harris,1942-01-30,Low,,,,,,0,Isolation forest,False
635,C0860,Norway,Brian Porter MD,1966-10-29,Low,,,,,,0,Isolation forest,False
636,C0051,Germany,Jessica Holmes,1973-12-05,Low,,high_risk_counterparty,,,high_risk_counterparty,1,Isolation forest,True
637,C0156,Finland,Michelle Brown,1952-02-29,Low,,,,,,0,Isolation forest,False
638,C0260,Netherlands,Mrs. Kristen Reyes,1945-01-08,Low,high_amount,high_risk_counterparty,,,"high_amount, high_risk_counterparty",0,Isolation forest,True
639,C0908,France,Kelly Haynes,1988-08-10,Low,,high_risk_counterparty,,,high_risk_counterparty,0,Isolation forest,True
640,C0530,Denmark,Angel May,1947-01-11,Low,,high_risk_counterparty,,,high_risk_counterparty,0,Isolation forest,True
641,C0744,Austria,Valerie Taylor,2003-10-10,Low,,,,,,0,Isolation forest,False
642,C0001,Finland,Allison Hill,1993-08-01,Low,,,,,,0,Isolation forest,False
643,C0316,Austria,Jordan Chambers,1940-09-27,Low,,high_risk_counterparty,,,high_risk_counterparty,0,Isolation forest,True
644,C0622,France,Lisa Perry,1982-07-25,Low,,high_risk_counterparty,,,high_risk_counterparty,0,Isolation forest,True
645,C0351,Spain,Ana Hill,1958-04-25,Low,,,,,,0,Isolation forest,False
646,C0389,Netherlands,Sandra Drake,1957-04-04,Low,high_amount,high_risk_counterparty,,,"high_amount, high_risk_counterparty",1,Isolation forest,True
647,C0625,Netherlands,Shelley Miller,1947-04-18,Low,,high_risk_counterparty,,,high_risk_counterparty,0,Isolation forest,True
648,C0652,Italy,Amber Yang,1989-11-16,Low,,,,,,0,Isolation forest,False
649,C0353,Spain,Kerry Chavez DDS,1946-08-29,Low,,,,,,0,Isolation forest,False
650,C0535,Belgium,Anthony Gonzales,1960-03-28,Low,,,,,,0,Isolation forest,False
651,C0812,Belgium,Daniel Brown,1967-09-01,Low,,,,,,0,Isolation forest,False
652,C0835,Netherlands,Bonnie Santos,1998-11-08,Low,,,,,,0,Isolation forest,False
653,C0055,Sweden,Shannon Jones,1986-11-12,Low,,,,,,0,Isolation forest,False
654,C0374,Denmark,Sergio Knight,1954-11-07,Low,,high_risk_counterparty,,,high_risk_counterparty,0,Isolation forest,True
655,C0519,Sweden,Penny Bowman,1986-07-07,Low,,,,,,0,Isolation forest,False
656,C0730,France,Derrick Anderson,1961-06-09,Low,,high_risk_counterparty,,,high_risk_counterparty,0,Isolation forest,True
657,C0529,Belgium,Kristy Bryan,1988-01-02,Low,,high_risk_counterparty,,,high_risk_counterparty,0,Isolation forest,True
658,C0842,Italy,Alexandra Dominguez,1989-09-14,Low,,,,,,0,Isolation forest,False
659,C0714,Spain,Laurie Goodwin,2005-06-25,Low,,high_risk_counterparty,,,high_risk_counterparty,0,Isolation forest,True
660,C0967,Switzerland,Marie Thompson,1973-03-17,Low,,,,,,0,Isolation forest,False
661,C0142,Netherlands,David Douglas Jr.,1985-01-16,Low,,,,,,0,Isolation forest,False
662,C0347,Austria,Sharon Boyd,1945-06-10,Low,,,,,,0,Isolation forest,False
663,C0333,Netherlands,Jordan Bates,1945-06-24,Low,,high_risk_counterparty,,,high_risk_counterparty,0,Isolation forest,True
664,C0252,Netherlands,Olivia Harris,1959-03-03,Low,,high_risk_counterparty,,,high_risk_counterparty,0,Isolation forest,True
665,C0890,Austria,Kristen Sloan,1960-12-02,Low,,,,,,0,Isolation forest,False
666,C0927,Germany,Vickie Anderson,2005-08-16,Low,,high_risk_counterparty,,,high_risk_counterparty,0,Isolation forest,True
667,C0701,Germany,Joseph Ochoa,1963-10-15,Low,,high_risk_counterparty,,,high_risk_counterparty,0,Isolation forest,True
668,C0873,Sweden,Michael Blair,1948-07-26,Low,high_amount,high_risk_counterparty,,,"high_amount, high_risk_counterparty",0,Isolation forest,True
669,C0666,Sweden,Tracy Grant,1985-02-11,Low,,high_risk_counterparty,,,high_risk_counterparty,0,Isolation forest,True
670,C0930,France,Alison Brown,1940-08-05,Low,,high_risk_counterparty,,,high_risk_counterparty,0,Isolation forest,True
671,C0227,France,Kirk Carter,2004-04-06,Low,,high_risk_counterparty,,,high_risk_counterparty,0,Isolation forest,True
672,C0604,Norway,Keith Rodriguez,1953-08-23,Low,,,,,,0,Isolation forest,False
673,C0039,France,Elizabeth Fowler,1956-02-19,Low,,,,,,0,Isolation forest,False
674,C0844,Germany,Benjamin Reyes,1956-11-25,Low,,high_risk_counterparty,,,high_risk_counterparty,0,Isolation forest,True
675,C0181,Norway,Alexander Collins,1975-12-18,Low,,high_risk_counterparty,,,high_risk_counterparty,0,Isolation forest,True
676,C0675,Denmark,Zachary Mendoza,1991-03-05,Low,,,,,,0,Isolation forest,False
677,C0047,Sweden,John Pierce,1992-08-29,Low,,,,,,0,Isolation forest,False
678,C0724,Sweden,Todd Reynolds,1983-02-12,Low,,,,,,1,Isolation forest,True
679,C0368,Belgium,Holly Farmer,1996-01-03,Low,,high_risk_counterparty,,,high_risk_counterparty,0,Isolation forest,True
680,C0977,Denmark,Stephen Davis,1965-01-12,Low,high_amount,,,,high_amount,0,Isolation forest,True
681,C0390,Finland,Scott Williams,2000-10-05,Low,,,,,,0,Isolation forest,False
682,C0387,Switzerland,Adam Burgess,1961-10-31,Low,,,,,,0,Isolation forest,False
683,C0365,Netherlands,Tracy Burke,1944-11-21,Low,,high_risk_counterparty,,,high_risk_counterparty,0,Isolation forest,True
684,C0885,France,Holly Scott,1991-12-12,Low,,high_risk_counterparty,,,high_risk_counterparty,0,Isolation forest,True
685,C0357,Austria,Jesse Perry,1965-06-30,Low,,,,,,0,Isolation forest,False
686,C0690,Netherlands,Maria Brown,1963-11-06,Low,high_amount,,,,high_amount,0,Isolation forest,True
687,C0073,Belgium,Brittney Phillips,2000-04-16,Low,,,,,,0,Isolation forest,False
688,C0536,Norway,Mr. Lawrence Edwards,1995-10-03,Low,,,,,,0,Isolation forest,False
689,C0419,Finland,Jeffrey Mills,1959-09-13,Low,,,,,,0,Isolation forest,False
690,C0449,Austria,Ryan Rosales,2004-07-10,Low,,,,,,0,Isolation forest,False
691,C0178,France,Michael Wang,1965-07-04,Low,high_amount,high_risk_counterparty,,,"high_amount, high_risk_counterparty",1,Isolation forest,True
692,C0578,Netherlands,Raymond Le,1990-04-08,Low,,,,,,0,Isolation forest,False
693,C0313,France,Shannon Ramsey,2004-06-25,Low,,,,,,0,Isolation forest,False
694,C0160,Sweden,Jamie Smith,1952-08-23,Low,,,,,,0,Isolation forest,False
695,C0797,Netherlands,Tracey Wagner,1975-05-15,Low,,,,,,0,Isolation forest,False
696,C0593,Netherlands,Jason Love,1949-10-13,Low,,high_risk_counterparty,,,high_risk_counterparty,0,Isolation forest,True
697,C0943,Belgium,Joshua Washington,1952-04-27,Low,,high_risk_counterparty,,,high_risk_counterparty,0,Isolation forest,True
698,C0466,Spain,Jeffrey Mendez,1997-06-26,Low,,,,,,0,Isolation forest,False
699,C0624,Sweden,Colleen Wright,1942-02-04,Low,,,,,,0,Isolation forest,False
700,C0010,Switzerland,Ryan Munoz,1953-03-02,Low,,,,,,0,Isolation forest,False
701,C0996,Finland,Brittany Ward,2003-02-08,Low,,,,,,0,Isolation forest,False
702,C0238,Finland,David Davis,1976-06-26,Low,,,,,,0,Isolation forest,False
703,C0727,Denmark,Christian Dawson,1971-10-04,Low,,high_risk_counterparty,,,high_risk_counterparty,0,Isolation forest,True
704,C0576,Sweden,Kelly Edwards,1958-12-08,Low,,,,,,0,Isolation forest,False
705,C0694,Denmark,Jonathan Brooks,2003-11-30,Low,high_amount,,,,high_amount,1,Isolation forest,True
706,C0473,Germany,Lori Ingram,1943-05-10,Low,,high_risk_counterparty,,,high_risk_counterparty,0,Isolation forest,True
707,C0003,Denmark,Angie Henderson,1990-06-23,Low,,high_risk_counterparty,,,high_risk_counterparty,0,Isolation forest,True
708,C0482,Norway,Howard Norman,1984-06-03,Low,,,,,,0,Isolation forest,False
709,C0579,Sweden,Melissa Bishop,1946-02-16,Low,,,,,,0,Isolation forest,False
710,C0989,Denmark,Anna Wheeler,1999-01-15,Low,,,,,,0,Isolation forest,False
711,C0568,Norway,Lauren Jackson,1983-08-27,Low,,,,,,0,Isolation forest,False
712,C0186,Spain,Dr. Hannah Patterson,2007-06-17,Low,,,,,,0,Isolation forest,False
713,C0751,Spain,Krista Benton,1951-03-17,Low,,high_risk_counterparty,,,high_risk_counterparty,0,Isolation forest,True
714,C0872,Germany,Sandra Becker,1968-08-22,Low,,high_risk_counterparty,,,high_risk_counterparty,0,Isolation forest,True
715,C0827,Austria,Heather Brown,1995-11-25,Low,high_amount,high_risk_counterparty,,,"high_amount, high_risk_counterparty",0,Isolation forest,True
716,C0232,Norway,Susan Serrano,1960-05-28,Low,,,,,,0,Isolation forest,False
717,C0322,Austria,Charles Shah,1954-09-02,Low,,,,,,0,Isolation forest,False
718,C0820,Italy,Megan Burns,1939-09-01,Low,,,,,,0,Isolation forest,False
719,C0847,Spain,Brandi Haney,1952-11-24,Low,,high_risk_counterparty,,,high_risk_counterparty,0,Isolation forest,True
720,C0572,France,Christian Vaughn,1971-01-02,Low,,high_risk_counterparty,,,high_risk_counterparty,0,Isolation forest,True
721,C0877,Belgium,Michael Miles,1964-09-23,Low,,,,,,1,Isolation forest,True
722,C0348,Italy,Victor Brown,1946-03-02,Low,,high_risk_counterparty,,,high_risk_counterparty,0,Isolation forest,True
723,C0425,Italy,Felicia Aguilar,1951-04-26,Low,,high_risk_counterparty,,,high_risk_counterparty,0,Isolation forest,True
724,C0710,Italy,Sean Clay,1976-05-28,Low,,high_risk_counterparty,,,high_risk_counterparty,0,Isolation forest,True
725,C0194,Finland,Angelica Keith,1950-06-04,Low,,high_risk_counterparty,,,high_risk_counterparty,0,Isolation forest,True
726,C0212,Austria,Denise Mccann,1973-01-07,Low,,,,,,0,Isolation forest,False
727,C0763,France,Jennifer Goodwin,1970-08-24,Low,high_amount,high_risk_counterparty,,,"high_amount, high_risk_counterparty",0,Isolation forest,True
728,C0898,France,Elizabeth Dean,1958-11-04,Low,,,,,,0,Isolation forest,False
729,C0728,Belgium,Nancy Stewart,1992-06-09,Low,,high_risk_counterparty,,,high_risk_counterparty,0,Isolation forest,True
730,C0614,Finland,David Molina,1963-04-20,Low,,high_risk_counterparty,,,high_risk_counterparty,0,Isolation forest,True
731,C0708,Switzerland,Mr. Richard Knight PhD,1995-07-19,Low,,high_risk_counterparty,,,high_risk_counterparty,0,Isolation forest,True
732,C0949,Norway,Robert Stark,1959-07-10,Low,,,,,,0,Isolation forest,False
733,C0997,France,Edward Stanley,1997-06-18,Low,,,,,,1,Isolation forest,True
734,C0224,Netherlands,Theresa Clark,2004-11-07,Low,,high_risk_counterparty,,,high_risk_counterparty,0,Isolation forest,True
735,C0418,Austria,Carrie Wright,1990-01-28,Low,,high_risk_counterparty,,,high_risk_counterparty,0,Isolation forest,True
736,C0447,Netherlands,Brenda Wright,1978-10-07,Low,,,,,,0,Isolation forest,False
737,C0577,France,Thomas Peterson,1954-06-02,Low,,,,,,0,Isolation forest,False
738,C0048,Italy,Shane Henderson,1972-09-24,Low,,high_risk_counterparty,,,high_risk_counterparty,0,Isolation forest,True
739,C0211,France,Christopher Smith,1978-12-11,Low,high_amount,,,,high_amount,0,Isolation forest,True
740,C0242,Sweden,Matthew Moon,1960-07-17,Low,,,,,,0,Isolation forest,False
741,C0377,Norway,Glen Wood,1976-12-06,Low,,,,,,0,Isolation forest,False
742,C0481,Netherlands,Dawn Mullins,1964-02-23,Low,,,,,,0,Isolation forest,False
743,C0892,France,Nathan Nelson,1947-03-15,Low,,,,,,0,Isolation forest,False
744,C0352,Finland,Kimberly Nguyen,2002-03-02,Low,,,,,,0,Isolation forest,False
745,C0408,Denmark,Jeremy Turner,1949-02-17,Low,,,,,,0,Isolation forest,False
746,C0538,Norway,Bianca Wood,2001-12-24,Low,,,,,,0,Isolation forest,False
747,C0906,Germany,Johnathan Brown,2007-01-11,Low,high_amount,high_risk_counterparty,,,"high_amount, high_risk_counterparty",0,Isolation forest,True
748,C0749,Norway,Jenna Wilson,1976-08-01,Low,,high_risk_counterparty,,,high_risk_counterparty,0,Isolation forest,True
749,C0054,Italy,Mark Perez,1982-05-30,Low,high_amount,high_risk_counterparty,,,"high_amount, high_risk_counterparty",0,Isolation forest,True
750,C0540,Germany,David Davis,1946-12-12,Low,,,,,,1,Isolation forest,True
751,C0839,Spain,Michael Young,1954-02-13,Low,,high_risk_counterparty,,,high_risk_counterparty,0,Isolation forest,True
752,C0345,Netherlands,Kayla Rodriguez,1943-04-12,Low,,high_risk_counterparty,,,high_risk_counterparty,0,Isolation forest,True
753,C0274,Germany,Shelly Alexander,1978-02-14,Low,,high_risk_counterparty,,,high_risk_counterparty,0,Isolation forest,True
754,C0320,Italy,Connie Brown,1955-03-06,Low,,high_risk_counterparty,,,high_risk_counterparty,0,Isolation forest,True
755,C0664,Sweden,Samuel Turner,1998-11-04,Low,,,,,,0,Isolation forest,False
756,C1000,Spain,Elizabeth Sanders,1956-03-06,Low,,high_risk_counterparty,,,high_risk_counterparty,1,Isolation forest,True
757,C0338,Finland,Charles Lester,1987-12-03,Low,,high_risk_counterparty,,,high_risk_counterparty,0,Isolation forest,True
758,C0725,Spain,Mary Miller,1971-07-13,Low,,high_risk_counterparty,,,high_risk_counterparty,0,Isolation forest,True
759,C0315,Austria,Richard Smith,2002-05-14,Low,,high_risk_counterparty,,,high_risk_counterparty,0,Isolation forest,True
760,C0709,Spain,Joseph Williams,1957-10-11,Low,,,,,,0,Isolation forest,False
761,C0791,Switzerland,Jennifer Taylor,1994-02-23,Low,,,,,,0,Isolation forest,False
762,C0143,Spain,Patricia Rodriguez,1985-02-26,Low,,high_risk_counterparty,,,high_risk_counterparty,0,Isolation forest,True
763,C0393,Switzerland,Brian Smith,1982-10-03,Low,,,,,,0,Isolation forest,False
764,C0590,Germany,Melissa Taylor,1965-06-07,Low,,,,,,0,Isolation forest,False
765,C0440,Norway,Jason Rhodes,1962-04-22,Low,,high_risk_counterparty,,,high_risk_counterparty,0,Isolation forest,True
766,C0154,Norway,Devon Flores,1974-05-19,Low,,,,,,0,Isolation forest,False
767,C0375,Germany,Charles Schultz,1984-05-20,Low,,high_risk_counterparty,,,high_risk_counterparty,0,Isolation forest,True
768,C0240,Netherlands,Yvonne Chambers,1991-10-29,Low,,,,,,0,Isolation forest,False
769,C0720,Spain,Jeffrey Roberson,2006-06-16,Low,,high_risk_counterparty,,,high_risk_counterparty,0,Isolation forest,True
770,C0164,Switzerland,Jeffrey Johnson,1968-12-03,Low,,,,,,0,Isolation forest,False
771,C0115,Switzerland,Garrett Lin,1979-12-01,Low,,high_risk_counterparty,,,high_risk_counterparty,0,Isolation forest,True
772,C0343,Belgium,Anthony Harmon,1942-06-18,Low,,,,,,0,Isolation forest,False
773,C0129,Germany,Cameron Fisher,2007-02-21,Low,,,,,,0,Isolation forest,False
774,C0609,Sweden,Rachel Bradley,1942-12-10,Low,,,,,,0,Isolation forest,False
775,C0790,Norway,Clayton Steele,1968-11-02,Low,high_amount,,,,high_amount,0,Isolation forest,True
776,C0566,Germany,John Coffey,1963-10-09,Low,,high_risk_counterparty,,,high_risk_counterparty,0,Isolation forest,True
777,C0635,Switzerland,Amber Cooper,1983-11-10,Low,,,,,,0,Isolation forest,False
778,C0262,France,Desiree Tyler,1955-09-03,Low,high_amount,,,,high_amount,0,Isolation forest,True
779,C0394,Belgium,Robert Montgomery,1989-09-27,Low,,,,,,0,Isolation forest,False
780,C0552,Belgium,Angel Gordon,1988-02-26,Low,high_amount,high_risk_counterparty,,,"high_amount, high_risk_counterparty",0,Isolation forest,True
781,C0630,Italy,Kevin Davis,1951-02-08,Low,,,,,,0,Isolation forest,False
782,C0953,Italy,Renee Wolfe,1988-01-28,Low,high_amount,high_risk_counterparty,,,"high_amount, high_risk_counterparty",1,Isolation forest,True
783,C0026,Denmark,Judy Baker,1997-10-05,Low,,high_risk_counterparty,,,high_risk_counterparty,0,Isolation forest,True
784,C0382,Switzerland,Paul Wilson,1962-10-25,Low,,high_risk_counterparty,,,high_risk_counterparty,0,Isolation forest,True
785,C0457,Spain,Dustin Gallegos,1942-10-21,Low,,,,,,0,Isolation forest,False
786,C0846,Denmark,Breanna Ayala,1968-12-25,Low,,,,,,0,Isolation forest,False
787,C0121,Belgium,Larry Dixon,1968-09-14,Low,,high_risk_counterparty,,,high_risk_counterparty,0,Isolation forest,True
788,C0137,Italy,Robert Potter,2002-03-07,Low,,high_risk_counterparty,,,high_risk_counterparty,0,Isolation forest,True
789,C0965,Denmark,Eric Taylor,1941-06-01,Low,,high_risk_counterparty,,,high_risk_counterparty,0,Isolation forest,True
790,C0817,Denmark,Tamara Riddle,1946-11-23,Low,,,,,,0,Isolation forest,False
791,C0881,France,Patricia Johnson,2002-07-05,Low,,high_risk_counterparty,,,high_risk_counterparty,1,Isolation forest,True
792,C0056,Italy,Michael Lewis,2006-10-08,Low,,,,,,0,Isolation forest,False
793,C0957,Germany,Eric Henry Jr.,1991-07-01,Low,,high_risk_counterparty,,,high_risk_counterparty,0,Isolation forest,True
794,C0157,Norway,Joshua Perry,1967-01-09,Low,,high_risk_counterparty,,,high_risk_counterparty,0,Isolation forest,True
795,C0960,Italy,Mitchell Sellers,2004-06-26,Low,high_amount,,,,high_amount,0,Isolation forest,True
796,C0111,Denmark,Richard Rodriguez,1957-06-16,Low,,high_risk_counterparty,,,high_risk_counterparty,0,Isolation forest,True
797,C0637,Switzerland,Timothy Johnson,1965-09-16,Low,,high_risk_counterparty,,,high_risk_counterparty,0,Isolation forest,True
798,C0981,Denmark,James Oconnor,1969-08-29,Low,,high_risk_counterparty,,,high_risk_counterparty,0,Isolation forest,True
799,C0864,Sweden,Tiffany Townsend,1972-07-18,Low,,,,,,0,Isolation forest,False
800,C0008,Austria,Gina Moore,1954-05-03,Low,,high_risk_counterparty,,,high_risk_counterparty,0,Isolation forest,True
801,C0071,France,Jordan Henderson,1977-10-20,Low,,,,,,0,Isolation forest,False
802,C0824,Italy,Jackie Clements,1988-05-22,Low,,high_risk_counterparty,,,high_risk_counterparty,0,Isolation forest,True
803,C0882,France,Denise Brown,1979-12-15,Low,,high_risk_counterparty,,,high_risk_counterparty,0,Isolation forest,True
804,C0999,Denmark,Edgar Miller,2001-10-27,Low,high_amount,,,,high_amount,0,Isolation forest,True
805,C0030,Italy,Anthony Rodriguez,1978-09-01,Low,,,,,,0,Isolation forest,False
806,C0183,Spain,Angela Vaughn,1982-08-25,Low,,,,,,0,Isolation forest,False
807,C0845,Netherlands,Ashley Edwards,1979-08-16,Low,,high_risk_counterparty,,,high_risk_counterparty,0,Isolation forest,True
808,C0794,Switzerland,Katherine Taylor,1942-12-30,Low,,,,,,1,Isolation forest,True
809,C0069,Italy,James Brown,1979-07-16,Low,high_amount,high_risk_counterparty,,,"high_amount, high_risk_counterparty",0,Isolation forest,True
810,C0207,Norway,Bryan Herrera,1954-02-05,Low,,high_risk_counterparty,,,high_risk_counterparty,0,Isolation forest,True
811,C0836,Netherlands,Timothy Hill,1998-12-14,Low,,high_risk_counterparty,,,high_risk_counterparty,0,Isolation forest,True
812,C0179,France,Lawrence Adkins,1968-04-26,Low,,high_risk_counterparty,,,high_risk_counterparty,0,Isolation forest,True
813,C0900,Austria,Christie Mccullough,1964-04-11,Low,,,,,,0,Isolation forest,False
814,C0717,Switzerland,Steven Rivera,2001-07-17,Low,,,,,,0,Isolation forest,False
815,C0086,Spain,Daniel Baker,1950-06-14,Low,,,,,,0,Isolation forest,False
816,C0688,Norway,Robert Jackson,1985-10-16,Low,,high_risk_counterparty,,,high_risk_counterparty,1,Isolation forest,True
817,C0859,Finland,Steven Blevins,1970-04-22,Low,,,,,,0,Isolation forest,False
818,C0427,Spain,Jenna Larson,1962-07-21,Low,,,,,,0,Isolation forest,False
819,C0753,Sweden,Michael Fuentes,1981-01-18,Low,,,,,,0,Isolation forest,False
820,C0094,Switzerland,Christina Walters,2007-01-23,Low,,,,,,0,Isolation forest,False
821,C0462,Spain,Eric Williams,1995-03-06,Low,,,,,,0,Isolation forest,False
822,C0869,Germany,Lisa Ramirez,1954-01-26,Low,,high_risk_counterparty,,,high_risk_counterparty,0,Isolation forest,True
823,C0801,Spain,Jim Newton,1966-07-07,Low,,high_risk_counterparty,,,high_risk_counterparty,1,Isolation forest,True
824,C0917,Germany,Jason Herrera,1994-11-18,Low,,,,,,0,Isolation forest,False
825,C0267,Switzerland,Kimberly Gibson,1949-04-08,Low,,high_risk_counterparty,,,high_risk_counterparty,0,Isolation forest,True
826,C0430,Denmark,Nancy Jennings,1979-09-23,Low,,,,,,0,Isolation forest,False
827,C0292,Denmark,Stephanie Byrd,1995-04-29,Low,,high_risk_counterparty,,,high_risk_counterparty,0,Isolation forest,True
828,C0360,Austria,Ronald Davis,1988-07-07,Low,,high_risk_counterparty,,,high_risk_counterparty,0,Isolation forest,True
829,C0607,Italy,Brian Martin,1996-11-17,Low,high_amount,,,,high_amount,0,Isolation forest,True
830,C0731,Sweden,Jerry Peters,1942-02-02,Low,,,,,,0,Isolation forest,False
831,C0760,Austria,Margaret Miller,1973-10-10,Low,,,,,,0,Isolation forest,False
832,C0078,Austria,Megan Young,1947-04-23,Low,,,,,,1,Isolation forest,True
833,C0218,Austria,Mark Brown,1953-06-15,Low,,,,,,0,Isolation forest,False
834,C0465,Belgium,Jose Allen,1947-07-22,Low,,,,,,0,Isolation forest,False
835,C0020,Belgium,Carla Gray,1978-03-22,Low,,,,,,0,Isolation forest,False
836,C0271,Finland,Jasmin Alvarado,1946-04-06,Low,,high_risk_counterparty,,,high_risk_counterparty,0,Isolation forest,True
837,C0364,Denmark,Nicole Parrish,1959-03-13,Low,,,,,,1,Isolation forest,True
838,C0077,Norway,Angela Lopez,1990-10-26,Low,,,,,,0,Isolation forest,False
839,C0223,Austria,Elizabeth Oliver DDS,1975-07-08,Low,high_amount,high_risk_counterparty,,,"high_amount, high_risk_counterparty",0,Isolation forest,True
840,C0442,Germany,Joann Ferguson,1974-07-23,Low,,,,,,0,Isolation forest,False
841,C0493,Switzerland,William Gould,1951-01-24,Low,,,,,,0,Isolation forest,False
842,C0059,Norway,Brent Jordan,2000-04-10,Low,high_amount,,,,high_amount,0,Isolation forest,True
843,C0022,Denmark,Patty Perez,1971-12-30,Low,,,,,,0,Isolation forest,False
844,C0208,Spain,Cathy Robinson,2004-10-20,Low,,high_risk_counterparty,,,high_risk_counterparty,0,Isolation forest,True
845,C0210,Spain,Brian Lee,1969-02-01,Low,,,,,,0,Isolation forest,False
846,C0441,Germany,Jeremy Mitchell,1966-08-12,Low,,,,,,1,Isolation forest,True
847,C0871,France,Kimberly Myers,1947-04-24,Low,,,,,,0,Isolation forest,False
848,C0275,Finland,Joyce Bowen,1969-08-12,Low,,,,,,0,Isolation forest,False
849,C0337,Belgium,Daniel Kane,1992-12-20,Low,,,,,,0,Isolation forest,False
850,C0468,Sweden,William Jones,1999-10-16,Low,,,,,,0,Isolation forest,False
851,C0471,Switzerland,Veronica King,1953-07-28,Low,,high_risk_counterparty,,,high_risk_counterparty,0,Isolation forest,True
852,C0484,Finland,Steve Paul,2004-06-25,Low,,high_risk_counterparty,,,high_risk_counterparty,0,Isolation forest,True
853,C0125,France,Helen Jones,1981-02-22,Low,,high_risk_counterparty,,,high_risk_counterparty,0,Isolation forest,True
854,C0814,Germany,Michael Roberts,1979-04-27,Low,,high_risk_counterparty,,,high_risk_counterparty,1,Isolation forest,True
855,C0301,France,Tanner Mitchell DDS,1997-08-26,Low,high_amount,high_risk_counterparty,,,"high_amount, high_risk_counterparty",0,Isolation forest,True
856,C0992,Spain,Brian Harris,1988-01-11,Low,,high_risk_counterparty,,,high_risk_counterparty,0,Isolation forest,True
857,C0699,Spain,Renee Browning,1987-01-02,Low,,high_risk_counterparty,,,high_risk_counterparty,0,Isolation forest,True
858,C0626,Italy,Michael Miller,1983-03-23,Low,,high_risk_counterparty,,,high_risk_counterparty,0,Isolation forest,True
859,C0857,France,Elizabeth Holmes,1977-11-14,Low,,,,,,0,Isolation forest,False
860,C0994,Spain,Deborah Campbell,1945-10-31,Low,,high_risk_counterparty,,,high_risk_counterparty,0,Isolation forest,True
861,C0118,Sweden,Ashley Waller,1987-01-03,Low,,high_risk_counterparty,,,high_risk_counterparty,0,Isolation forest,True
862,C0963,Spain,Shannon Yu,1970-01-20,Low,,high_risk_counterparty,,,high_risk_counterparty,0,Isolation forest,True
863,C0475,Italy,Robin Thompson,1962-11-10,Low,,,,,,0,Isolation forest,False
864,C0083,Spain,Michael Evans,1995-07-13,Low,,high_risk_counterparty,,,high_risk_counterparty,0,Isolation forest,True
865,C0889,Switzerland,Chris Velazquez,1962-03-17,Low,,high_risk_counterparty,,,high_risk_counterparty,0,Isolation forest,True
866,C0166,Germany,John Anderson,1969-11-09,Low,,,,,,0,Isolation forest,False
867,C0870,Germany,Jorge Harris,1969-02-08,Low,,high_risk_counterparty,,,high_risk_counterparty,0,Isolation forest,True
868,C0933,Switzerland,Joel Jackson,1997-08-27,Low,,high_risk_counterparty,,,high_risk_counterparty,0,Isolation forest,True
869,C0259,Austria,Denise Davenport,1976-08-29,Low,high_amount,high_risk_counterparty,,,"high_amount, high_risk_counterparty",0,Isolation forest,True
870,C0122,Belgium,Kenneth Scott,1990-04-01,Low,,high_risk_counterparty,,,high_risk_counterparty,0,Isolation forest,True
871,C0228,Germany,Michael Warner,2004-09-26,Low,,high_risk_counterparty,,,high_risk_counterparty,0,Isolation forest,True
872,C0278,Austria,Marie Christian,1990-09-22,Low,,,,,,0,Isolation forest,False
873,C0049,Spain,Joshua Blair,1993-03-16,Low,,high_risk_counterparty,,,high_risk_counterparty,0,Isolation forest,True
874,C0455,Norway,Alfred Galvan,1966-02-06,Low,,,,,,0,Isolation forest,False
875,C0779,Sweden,Allen Mendez,1990-08-12,Low,,,,,,0,Isolation forest,False
876,C0504,Germany,Zachary Mitchell,1952-05-26,Low,,,,,,1,Isolation forest,True
877,C0580,Sweden,David Grant,1993-08-14,Low,,high_risk_counterparty,,,high_risk_counterparty,0,Isolation forest,True
878,C0225,Denmark,Matthew Moore,1963-04-29,Low,,high_risk_counterparty,,,high_risk_counterparty,0,Isolation forest,True
879,C0032,Switzerland,James Ferrell,1967-01-27,Low,,,,,,0,Isolation forest,False
880,C0067,Sweden,Tracy House,1960-01-10,Low,,,,,,0,Isolation forest,False
881,C0216,Norway,Anthony Everett,2004-01-22,Low,,high_risk_counterparty,,,high_risk_counterparty,0,Isolation forest,True
882,C0099,Austria,Jessica Smith,2000-10-16,Low,high_amount,,,,high_amount,0,Isolation forest,True
883,C0648,Spain,Molly Rodriguez,1961-02-17,Low,high_amount,high_risk_counterparty,,,"high_amount, high_risk_counterparty",0,Isolation forest,True
884,C0411,Netherlands,Angela Lin,1977-12-19,Low,,,,,,0,Isolation forest,False
885,C0517,Finland,William Day,1957-03-17,Low,,,,,,0,Isolation forest,False
886,C0097,Netherlands,Aaron Wise,1970-04-30,Low,,high_risk_counterparty,,,high_risk_counterparty,0,Isolation forest,True
887,C0204,Spain,Joseph Coleman,1999-01-12,Low,,,,,,0,Isolation forest,False
888,C0404,France,Kathleen Webster,1998-06-01,Low,,high_risk_counterparty,,,high_risk_counterparty,0,Isolation forest,True
889,C0289,Switzerland,Lisa Allen,1950-01-10,Low,high_amount,,,,high_amount,0,Isolation forest,True
890,C0409,Spain,Anthony Romero,1973-10-23,Low,,,,,,0,Isolation forest,False
891,C0505,Finland,Katherine Martinez,1958-11-23,Low,,high_risk_counterparty,,,high_risk_counterparty,0,Isolation forest,True
892,C0620,Finland,Elizabeth Mendez,1990-07-13,Low,,,,,,0,Isolation forest,False
893,C0773,Belgium,Eric Patrick,1973-06-09,Low,,high_risk_counterparty,,,high_risk_counterparty,0,Isolation forest,True
894,C0651,Norway,Andrew Harper,1951-07-16,Low,,,,,,0,Isolation forest,False
895,C0558,Denmark,Gary Wells,1940-07-10,Low,,high_risk_counterparty,,,high_risk_counterparty,0,Isolation forest,True
896,C0167,Denmark,Alyssa Long,1983-01-13,Low,,high_risk_counterparty,,,high_risk_counterparty,0,Isolation forest,True
897,C0060,Finland,John Daniel,1997-06-30,Low,,,,,,0,Isolation forest,False
898,C0640,Austria,Janet Kane DVM,1951-02-26,Low,,high_risk_counterparty,,,high_risk_counterparty,0,Isolation forest,True
899,C0220,France,Bailey Duran DDS,1959-03-08,Low,,,,,,0,Isolation forest,False
900,C0330,Austria,Ariana Jennings,1943-10-10,Low,,,,,,0,Isolation forest,False
901,C0954,Belgium,Alyssa Haynes,1961-06-28,Low,,,,,,0,Isolation forest,False
902,C0608,Sweden,David Lopez,1998-11-16,Low,,,,,,0,Isolation forest,False
903,C0567,Germany,Paula Lane,1959-06-05,Low,,,,,,0,Isolation forest,False
904,C0623,Switzerland,Kaitlin Medina,2002-03-03,Low,,high_risk_counterparty,,,high_risk_counterparty,0,Isolation forest,True
905,C0636,Belgium,Zachary Michael,1966-06-29,Low,,high_risk_counterparty,,,high_risk_counterparty,0,Isolation forest,True
906,C0816,Finland,Anna Estes,1960-01-22,Low,,,,,,0,Isolation forest,False
907,C0743,Denmark,George Ochoa,1967-09-02,Low,,high_risk_counterparty,,,high_risk_counterparty,1,Isolation forest,True
908,C0534,Netherlands,Dr. Michael Evans,1950-08-05,Low,,,,,,0,Isolation forest,False
909,C0249,France,Jose Travis,1973-03-06,Low,,high_risk_counterparty,,,high_risk_counterparty,0,Isolation forest,True
910,C0400,Sweden,Hannah Luna,1960-11-23,Low,,,,,,0,Isolation forest,False
911,C0789,Netherlands,Cesar Wilson,1970-07-31,Low,,high_risk_counterparty,,,high_risk_counterparty,0,Isolation forest,True
912,C0138,France,Courtney Gonzalez,2002-02-09,Low,,,,,,0,Isolation forest,False
913,C0802,Germany,Krista Wilson,1995-05-11,Low,,high_risk_counterparty,,,high_risk_counterparty,0,Isolation forest,True
914,C0583,Spain,Gregory Peck,1942-06-12,Low,,,,,,0,Isolation forest,False
915,C0768,Netherlands,Haley Johnson,1989-03-19,Low,,,,,,0,Isolation forest,False
916,C0221,Italy,Courtney Mills,1949-03-10,Low,,high_risk_counterparty,,,high_risk_counterparty,0,Isolation forest,True
917,C0280,Austria,Nathan Malone,1970-12-22,Low,,high_risk_counterparty,,,high_risk_counterparty,0,Isolation forest,True
918,C0912,Sweden,Cynthia Green,2005-08-07,Low,,,,,,0,Isolation forest,False
919,C0012,Spain,Jamie Arnold,1994-06-27,Low,,high_risk_counterparty,,,high_risk_counterparty,0,Isolation forest,True
920,C0162,Italy,Jennifer Adkins,1998-09-06,Low,,,,,,0,Isolation forest,False
921,C0247,Switzerland,Krista Gibson,1940-09-27,Low,,,,,,0,Isolation forest,False
922,C0149,Italy,Kathy Rivas,1983-01-24,Low,,high_risk_counterparty,,,high_risk_counterparty,0,Isolation forest,True
923,C0563,Belgium,Robert Richardson,1990-05-27,Low,,high_risk_counterparty,,,high_risk_counterparty,0,Isolation forest,True
924,C0679,Belgium,Jose Crawford,1943-07-29,Low,,,,,,0,Isolation forest,False
925,C0439,Netherlands,Rhonda Martin,2004-06-04,Low,,high_risk_counterparty,,,high_risk_counterparty,0,Isolation forest,True
926,C0533,Austria,Donna Frye,1998-03-07,Low,,high_risk_counterparty,,,high_risk_counterparty,0,Isolation forest,True
927,C0627,Italy,Amy Kelley,2000-09-10,Low,,high_risk_counterparty,,,high_risk_counterparty,0,Isolation forest,True
928,C0828,Germany,Claudia Jordan,1999-12-23,Low,high_amount,high_risk_counterparty,,,"high_amount, high_risk_counterparty",0,Isolation forest,True
929,C0667,France,David Harris,1979-06-16,Low,,high_risk_counterparty,,,high_risk_counterparty,0,Isolation forest,True
930,C0018,France,Derek Zuniga,1960-10-30,Low,,,,,,0,Isolation forest,False
931,C0415,Netherlands,Erica Alvarez,1993-06-03,Low,,high_risk_counterparty,,,high_risk_counterparty,0,Isolation forest,True
932,C0263,Norway,Timothy Romero,1967-09-15,Low,,high_risk_counterparty,,,high_risk_counterparty,0,Isolation forest,True
933,C0406,Netherlands,Madison Weber,1996-01-23,Low,,,,,,0,Isolation forest,False
934,C0497,Denmark,Austin Osborne,1944-11-29,Low,,high_risk_counterparty,,,high_risk_counterparty,0,Isolation forest,True
935,C0618,Austria,Jonathan Jacobson,1984-08-30,Low,,high_risk_counterparty,,,high_risk_counterparty,0,Isolation forest,True
936,C0915,Sweden,Dale Chan,1971-08-11,Low,,,,,,0,Isolation forest,False
937,C0311,Finland,Dr. Paul Morgan,2002-01-02,Low,,,,,,0,Isolation forest,False
938,C0478,Denmark,Judith Carter,2003-10-04,Low,,,,,,0,Isolation forest,False
939,C0191,Norway,Debra Morton,1939-11-14,Low,,,,,,0,Isolation forest,False
940,C0257,Belgium,Susan Murray MD,1941-05-21,Low,,,,,,0,Isolation forest,False
941,C0317,Norway,Lauren Carson,1972-05-18,Low,high_amount,,,,high_amount,0,Isolation forest,True
942,C0742,Norway,Manuel Brock,1993-01-12,Low,,,,,,0,Isolation forest,False
943,C0464,Denmark,Taylor Carlson,1960-06-04,Low,,high_risk_counterparty,,,high_risk_counterparty,0,Isolation forest,True
944,C0422,Norway,Maria Jones,1994-12-06,Low,,,,,,0,Isolation forest,False
945,C0127,Belgium,Michelle Evans,1975-07-23,Low,,,,,,0,Isolation forest,False
946,C0136,Germany,Jose Schultz,1989-01-06,Low,,,,,,0,Isolation forest,False
947,C0287,Spain,Joseph Knight,1991-11-02,Low,high_amount,high_risk_counterparty,,,"high_amount, high_risk_counterparty",0,Isolation forest,True
948,C0663,Italy,James Webster,1966-09-13,Low,,,,,,0,Isolation forest,False
949,C0680,Switzerland,William Harrison,1941-06-09,Low,,high_risk_counterparty,,,high_risk_counterparty,0,Isolation forest,True
950,C0488,Norway,Samantha Gardner,1965-11-03,Low,,high_risk_counterparty,,,high_risk_counterparty,0,Isolation forest,True
951,C0034,Denmark,Nathan Maldonado,1967-05-04,Low,high_amount,high_risk_counterparty,,,"high_amount, high_risk_counterparty",0,Isolation forest,True
952,C0378,Austria,Paula Bradley,1989-04-18,Low,,,,,,0,Isolation forest,False
953,C0793,Germany,Maria Cooke,1939-12-18,Low,,high_risk_counterparty,,,high_risk_counterparty,0,Isolation forest,True
954,C0023,Italy,Ethan Adams,1961-05-30,Low,,,,,,0,Isolation forest,False
955,C0173,Austria,Joshua Cooke,1965-12-25,Low,,high_risk_counterparty,,,high_risk_counterparty,0,Isolation forest,True
956,C0414,Spain,Joanna Pacheco,1968-09-21,Low,,,,,,0,Isolation forest,False
957,C0661,Germany,William David DDS,1997-12-24,Low,,high_risk_counterparty,,,high_risk_counterparty,0,Isolation forest,True
958,C0541,Belgium,James Gilbert,1999-12-25,Low,,high_risk_counterparty,,,high_risk_counterparty,0,Isolation forest,True
959,C0658,Norway,Connie Turner,1950-05-07,Low,,high_risk_counterparty,,,high_risk_counterparty,0,Isolation forest,True
960,C0978,Italy,Margaret Tanner,1990-03-14,Low,,high_risk_counterparty,,,high_risk_counterparty,0,Isolation forest,True
961,C0163,Belgium,Lindsey Walker,1966-09-15,Low,,high_risk_counterparty,,,high_risk_counterparty,0,Isolation forest,True
962,C0528,Italy,Michelle Jacobs,1965-10-03,Low,,high_risk_counterparty,,,high_risk_counterparty,0,Isolation forest,True
963,C0169,Norway,Joel Williams,1984-10-04,Low,high_amount,,,,high_amount,0,Isolation forest,True
964,C0100,Germany,Stephen Mckee,1942-11-28,Low,,,,,,0,Isolation forest,False
965,C0918,Norway,Christine Parker,1977-05-11,Low,high_amount,high_risk_counterparty,,,"high_amount, high_risk_counterparty",0,Isolation forest,True
966,C0672,Spain,Kristin Mendoza,1999-03-07,Low,,high_risk_counterparty,,,high_risk_counterparty,0,Isolation forest,True
967,C0294,France,Margaret Coleman,1997-05-24,Low,,,,,,0,Isolation forest,False
968,C0421,Denmark,George Harper,1988-01-15,Low,,,,,,0,Isolation forest,False
969,C0837,Germany,Danielle Watson,1971-01-22,Low,,high_risk_counterparty,,,high_risk_counterparty,1,Isolation forest,True
970,C0938,Spain,Edward Jenkins,1976-10-31,Low,,,,,,0,Isolation forest,False
971,C0131,Finland,Elizabeth Kelley,1950-11-15,Low,,high_risk_counterparty,,,high_risk_counterparty,0,Isolation forest,True
972,C0926,Denmark,Brenda Smith,1947-07-28,Low,,,,,,0,Isolation forest,False
973,C0176,Belgium,Alex Hernandez,1985-09-12,Low,,,,,,0,Isolation forest,False
974,C0299,Finland,Keith Jennings,1978-03-23,Low,,,,,,0,Isolation forest,False
975,C0772,Finland,Mr. Jeffrey Horton,1972-11-04,Low,,,,,,0,Isolation forest,False
976,C0880,Norway,Richard Adams,1958-09-12,Low,,,,,,0,Isolation forest,False
977,C0295,Belgium,Ryan Gonzalez,1984-11-06,Low,,high_risk_counterparty,,,high_risk_counterparty,0,Isolation forest,True
978,C0017,Norway,Holly Wood,1969-10-02,Low,,,,,,0,Isolation forest,False
979,C0206,France,David Martinez,1954-07-23,Low,,,,,,0,Isolation forest,False
980,C0896,Germany,Ryan Murphy,1954-03-25,Low,high_amount,,,,high_amount,0,Isolation forest,True
981,C0920,Belgium,Samantha Terry,1973-01-27,Low,,high_risk_counterparty,,,high_risk_counterparty,0,Isolation forest,True
982,C0402,Finland,Craig Morrison,1946-03-27,Low,high_amount,,,,high_amount,0,Isolation forest,True
983,C0279,Norway,Shannon James,1994-08-07,Low,,,,,,0,Isolation forest,False
984,C0899,Denmark,Kevin Snyder,1943-11-18,Low,,high_risk_counterparty,,,high_risk_counterparty,0,Isolation forest,True
985,C0395,Austria,Tamara Davis,2002-03-06,Low,,,,,,0,Isolation forest,False
986,C0498,France,James Bradley,1968-07-27,Low,high_amount,high_risk_counterparty,,,"high_amount, high_risk_counterparty",0,Isolation forest,True
987,C0570,Denmark,Michael Johnson,1955-02-18,Low,,high_risk_counterparty,,,high_risk_counterparty,0,Isolation forest,True
988,C0079,Belgium,Steve Sanchez,1955-05-18,Low,,high_risk_counterparty,,,high_risk_counterparty,0,Isolation forest,True
989,C0116,Belgium,Diana May,1991-02-17,Low,,high_risk_counterparty,,,high_risk_counterparty,0,Isolation forest,True
990,C0818,Denmark,Beth Cline,1980-04-12,Low,,high_risk_counterparty,,,high_risk_counterparty,0,Isolation forest,True
991,C0485,Spain,Jasmine Beltran,1940-05-08,Low,,,,,,0,Isolation forest,False
992,C0830,Austria,Kenneth Knight,1999-10-30,Low,,high_risk_counterparty,,,high_risk_counterparty,0,Isolation forest,True
993,C0235,Denmark,Michael Lyons,1967-10-30,Low,,high_risk_counterparty,,,high_risk_counterparty,0,Isolation forest,True
994,C0868,Italy,Michael Miller,1958-11-27,Low,,high_risk_counterparty,,,high_risk_counterparty,0,Isolation forest,True
995,C0403,Austria,Mary Thompson,1964-06-23,Low,,,,,,0,Isolation forest,False
996,C0489,Germany,Bobby Guerrero,1997-07-17,Low,high_amount,high_risk_counterparty,,,"high_amount, high_risk_counterparty",0,Isolation forest,True
997,C0474,Belgium,Evelyn Williams,1946-05-03,Low,,,,,,0,Isolation forest,False
998,C0657,Switzerland,Eric Thomas,1992-04-01,Low,,high_risk_counterparty,,,high_risk_counterparty,0,Isolation forest,True
999,C0507,Spain,Brandon Fleming,1962-07-16,Low,,,,,,0,Isolation forest,False
